start_time,end_time,num_requests,req_sec_aiohttp,req_sec_httpx,req_sec_httpx2,req_sec_niquests,req_sec_pycurl,req_sec_requests,req_sec_urllib3,total_aiohttp,total_httpx,total_httpx2,total_niquests,total_pycurl,total_requests,total_urllib3,conn_avg_aiohttp,conn_avg_httpx,conn_avg_httpx2,conn_avg_niquests,conn_avg_pycurl,conn_avg_requests,conn_avg_urllib3,tls_avg_aiohttp,tls_avg_httpx,tls_avg_httpx2,tls_avg_niquests,tls_avg_pycurl,tls_avg_requests,tls_avg_urllib3
2026-06-09T03:19:08.212085,2026-06-09T03:19:08.598554,100,1801.31,952.30,,,2156.17,942.71,1672.77,0.06,0.11,,,0.05,0.11,0.06,0.0005,0.0010,,,0.0004,0.0011,0.0006,N/A,N/A,,,0.0000,0.0008,N/A
2026-06-09T03:19:08.598700,2026-06-09T03:19:08.986364,100,1757.19,944.44,,,2096.50,971.53,1675.82,0.06,0.11,,,0.05,0.10,0.06,0.0005,0.0011,,,0.0005,0.0010,0.0006,N/A,N/A,,,0.0000,0.0008,N/A
2026-06-09T03:19:08.986449,2026-06-09T03:19:09.375990,100,1788.06,957.42,,,2034.16,966.66,1602.32,0.06,0.10,,,0.05,0.10,0.06,0.0005,0.0010,,,0.0005,0.0010,0.0006,N/A,N/A,,,0.0000,0.0008,N/A
2026-06-09T03:19:09.376090,2026-06-09T03:19:09.767702,100,1806.92,944.05,,,1989.65,962.82,1609.62,0.06,0.11,,,0.05,0.10,0.06,0.0005,0.0011,,,0.0005,0.0010,0.0006,N/A,N/A,,,0.0000,0.0008,N/A
2026-07-05T15:32:28.475845,2026-07-05T15:32:29.192731,100,1021.07,435.44,,,1272.20,526.82,985.35,0.10,0.23,,,0.08,0.19,0.10,0.0009,0.0023,,,0.0008,0.0019,0.0010,N/A,N/A,,,0.0000,0.0014,N/A
2026-07-05T15:32:29.192793,2026-07-05T15:32:29.904661,100,1032.23,433.78,,,1268.71,532.95,1016.05,0.10,0.23,,,0.08,0.19,0.10,0.0009,0.0023,,,0.0008,0.0019,0.0010,N/A,N/A,,,0.0000,0.0014,N/A
2026-07-05T15:32:29.904718,2026-07-05T15:32:30.623913,100,1024.27,431.00,,,1234.14,527.49,1004.32,0.10,0.23,,,0.08,0.19,0.10,0.0009,0.0023,,,0.0008,0.0019,0.0010,N/A,N/A,,,0.0000,0.0014,N/A
2026-07-05T15:32:30.623972,2026-07-05T15:32:31.355023,100,1021.23,431.57,,,1237.37,501.53,984.42,0.10,0.23,,,0.08,0.20,0.10,0.0009,0.0023,,,0.0008,0.0020,0.0010,N/A,N/A,,,0.0000,0.0015,N/A
2026-07-05T15:32:31.355073,2026-07-05T15:32:32.069434,100,1078.93,430.35,,,1243.10,536.36,973.00,0.09,0.23,,,0.08,0.19,0.10,0.0009,0.0023,,,0.0008,0.0019,0.0010,N/A,N/A,,,0.0000,0.0014,N/A
2026-07-05T15:32:32.069485,2026-07-05T15:32:32.830863,100,1033.37,436.57,,,1185.07,469.87,843.64,0.10,0.23,,,0.08,0.21,0.12,0.0009,0.0023,,,0.0008,0.0021,0.0012,N/A,N/A,,,0.0000,0.0017,N/A
2026-07-05T15:32:32.830923,2026-07-05T15:32:33.560019,100,1045.92,427.26,,,1192.00,513.26,996.38,0.10,0.23,,,0.08,0.19,0.10,0.0009,0.0023,,,0.0008,0.0019,0.0010,N/A,N/A,,,0.0000,0.0015,N/A
2026-07-05T15:32:33.560071,2026-07-05T15:32:34.297678,100,1023.31,418.59,,,1162.01,519.49,973.43,0.10,0.24,,,0.09,0.19,0.10,0.0009,0.0024,,,0.0008,0.0019,0.0010,N/A,N/A,,,0.0000,0.0014,N/A
2026-07-05T15:32:34.297730,2026-07-05T15:32:35.025960,100,991.96,432.97,,,1186.29,527.91,969.68,0.10,0.23,,,0.08,0.19,0.10,0.0009,0.0023,,,0.0008,0.0019,0.0010,N/A,N/A,,,0.0000,0.0014,N/A
2026-07-05T15:32:35.026022,2026-07-05T15:32:35.764761,100,1045.28,417.93,,,1184.04,509.58,967.58,0.10,0.24,,,0.08,0.20,0.10,0.0009,0.0024,,,0.0008,0.0020,0.0010,N/A,N/A,,,0.0000,0.0015,N/A
2026-07-05T15:32:35.764823,2026-07-05T15:32:36.513906,100,1045.99,415.77,,,1173.92,493.70,946.70,0.10,0.24,,,0.09,0.20,0.11,0.0009,0.0024,,,0.0008,0.0020,0.0011,N/A,N/A,,,0.0000,0.0015,N/A
2026-07-05T15:32:36.513966,2026-07-05T15:32:37.276126,100,1063.12,384.13,,,1176.15,496.45,982.70,0.09,0.26,,,0.09,0.20,0.10,0.0009,0.0026,,,0.0008,0.0020,0.0010,N/A,N/A,,,0.0000,0.0015,N/A
2026-07-05T15:32:37.276179,2026-07-05T15:32:38.026017,100,1028.33,381.18,,,1233.99,532.24,989.61,0.10,0.26,,,0.08,0.19,0.10,0.0009,0.0026,,,0.0008,0.0019,0.0010,N/A,N/A,,,0.0000,0.0014,N/A
2026-07-05T15:32:38.026070,2026-07-05T15:32:38.746779,100,1047.49,451.47,,,1183.36,508.34,974.23,0.10,0.22,,,0.08,0.20,0.10,0.0009,0.0022,,,0.0008,0.0020,0.0010,N/A,N/A,,,0.0000,0.0014,N/A
2026-07-05T15:32:38.746887,2026-07-05T15:32:39.476090,100,1033.71,435.51,,,1185.36,512.76,966.10,0.10,0.23,,,0.08,0.20,0.10,0.0009,0.0023,,,0.0008,0.0019,0.0010,N/A,N/A,,,0.0000,0.0015,N/A
2026-07-05T15:32:39.476142,2026-07-05T15:32:40.208967,100,1053.67,421.23,,,1193.67,522.32,957.50,0.09,0.24,,,0.08,0.19,0.10,0.0009,0.0024,,,0.0008,0.0019,0.0010,N/A,N/A,,,0.0000,0.0014,N/A
2026-07-05T15:32:40.209022,2026-07-05T15:32:40.945522,100,1004.24,438.34,,,1144.66,501.50,978.14,0.10,0.23,,,0.09,0.20,0.10,0.0009,0.0023,,,0.0008,0.0020,0.0010,N/A,N/A,,,0.0000,0.0015,N/A
2026-07-05T15:32:40.945581,2026-07-05T15:32:41.714112,100,1026.18,369.92,,,1169.86,529.23,944.52,0.10,0.27,,,0.09,0.19,0.11,0.0009,0.0027,,,0.0008,0.0019,0.0011,N/A,N/A,,,0.0000,0.0014,N/A
2026-07-05T15:32:41.714164,2026-07-05T15:32:42.444431,100,1048.10,413.39,,,1157.02,536.81,999.78,0.10,0.24,,,0.09,0.19,0.10,0.0009,0.0024,,,0.0008,0.0019,0.0010,N/A,N/A,,,0.0000,0.0014,N/A
2026-07-05T15:32:42.444485,2026-07-05T15:32:43.180296,100,1011.46,412.37,,,1186.68,535.87,961.92,0.10,0.24,,,0.08,0.19,0.10,0.0009,0.0024,,,0.0008,0.0019,0.0010,N/A,N/A,,,0.0000,0.0014,N/A
2026-07-12T03:17:54.906917,2026-07-12T03:17:55.619792,100,1000.61,490.04,,,1211.61,496.97,941.99,0.10,0.20,,,0.08,0.20,0.11,0.0009,0.0020,,,0.0008,0.0020,0.0011,N/A,N/A,,,0.0000,0.0016,N/A
2026-07-12T03:17:55.619863,2026-07-12T03:17:56.308211,100,990.33,486.49,,,1173.89,569.53,974.03,0.10,0.21,,,0.09,0.18,0.10,0.0009,0.0020,,,0.0008,0.0018,0.0010,N/A,N/A,,,0.0000,0.0013,N/A
2026-07-12T03:17:56.308270,2026-07-12T03:17:57.020481,100,1013.41,468.67,,,1192.50,531.08,915.07,0.10,0.21,,,0.08,0.19,0.11,0.0009,0.0021,,,0.0008,0.0019,0.0011,N/A,N/A,,,0.0000,0.0014,N/A
2026-07-12T03:17:57.020535,2026-07-12T03:17:57.724239,100,1014.55,472.24,,,1186.03,536.70,959.30,0.10,0.21,,,0.08,0.19,0.10,0.0009,0.0021,,,0.0008,0.0019,0.0010,N/A,N/A,,,0.0000,0.0014,N/A
2026-07-12T03:17:57.724296,2026-07-12T03:17:58.432268,100,1033.40,460.41,,,1205.70,537.80,941.95,0.10,0.22,,,0.08,0.19,0.11,0.0009,0.0022,,,0.0008,0.0019,0.0011,N/A,N/A,,,0.0000,0.0014,N/A
2026-07-12T03:17:58.432322,2026-07-12T03:17:59.153175,100,1023.85,486.70,,,1116.15,503.48,902.59,0.10,0.21,,,0.09,0.20,0.11,0.0009,0.0020,,,0.0009,0.0020,0.0011,N/A,N/A,,,0.0000,0.0015,N/A
2026-07-12T03:17:59.153229,2026-07-12T03:17:59.867613,100,1024.26,460.03,,,1110.82,542.16,940.80,0.10,0.22,,,0.09,0.18,0.11,0.0009,0.0022,,,0.0008,0.0018,0.0011,N/A,N/A,,,0.0000,0.0014,N/A
2026-07-12T03:17:59.867676,2026-07-12T03:18:00.582888,100,952.68,466.02,,,1153.17,549.26,925.70,0.10,0.21,,,0.09,0.18,0.11,0.0010,0.0021,,,0.0008,0.0018,0.0011,N/A,N/A,,,0.0000,0.0014,N/A
2026-07-12T03:18:00.582951,2026-07-12T03:18:01.296326,100,983.33,449.64,,,1114.36,554.28,994.91,0.10,0.22,,,0.09,0.18,0.10,0.0009,0.0022,,,0.0009,0.0018,0.0010,N/A,N/A,,,0.0000,0.0014,N/A
2026-07-12T03:18:01.296383,2026-07-12T03:18:02.037098,100,926.89,422.45,,,1137.84,545.21,944.24,0.11,0.24,,,0.09,0.18,0.11,0.0010,0.0023,,,0.0008,0.0018,0.0011,N/A,N/A,,,0.0000,0.0014,N/A
2026-07-12T03:18:02.037162,2026-07-12T03:18:02.769609,100,1021.84,450.06,,,1037.66,541.36,888.43,0.10,0.22,,,0.10,0.18,0.11,0.0009,0.0022,,,0.0009,0.0018,0.0011,N/A,N/A,,,0.0000,0.0014,N/A
2026-07-12T03:18:02.769662,2026-07-12T03:18:03.501188,100,958.07,437.28,,,1176.94,529.21,945.91,0.10,0.23,,,0.08,0.19,0.11,0.0010,0.0023,,,0.0008,0.0019,0.0011,N/A,N/A,,,0.0000,0.0014,N/A
2026-07-12T03:18:03.501247,2026-07-12T03:18:04.222984,100,942.47,486.67,,,1007.64,540.24,939.26,0.11,0.21,,,0.10,0.19,0.11,0.0010,0.0020,,,0.0009,0.0018,0.0011,N/A,N/A,,,0.0000,0.0014,N/A
2026-07-12T03:18:04.223040,2026-07-12T03:18:04.942822,100,1023.70,458.59,,,1096.83,536.87,928.70,0.10,0.22,,,0.09,0.19,0.11,0.0009,0.0022,,,0.0009,0.0019,0.0011,N/A,N/A,,,0.0000,0.0014,N/A
2026-07-12T03:18:04.942924,2026-07-12T03:18:05.668041,100,1044.15,429.98,,,1164.64,541.06,931.30,0.10,0.23,,,0.09,0.18,0.11,0.0009,0.0023,,,0.0008,0.0018,0.0011,N/A,N/A,,,0.0000,0.0014,N/A
2026-07-12T03:18:05.668098,2026-07-12T03:18:06.387551,100,982.11,449.50,,,1138.75,545.98,952.58,0.10,0.22,,,0.09,0.18,0.10,0.0009,0.0022,,,0.0008,0.0018,0.0010,N/A,N/A,,,0.0000,0.0014,N/A
2026-07-12T03:18:06.387610,2026-07-12T03:18:07.121031,100,961.40,457.49,,,1121.47,514.79,919.78,0.10,0.22,,,0.09,0.19,0.11,0.0010,0.0022,,,0.0008,0.0019,0.0011,N/A,N/A,,,0.0000,0.0015,N/A
2026-07-12T03:18:07.121089,2026-07-12T03:18:07.853165,100,995.07,448.24,,,1120.14,503.17,982.49,0.10,0.22,,,0.09,0.20,0.10,0.0009,0.0022,,,0.0008,0.0020,0.0010,N/A,N/A,,,0.0000,0.0015,N/A
2026-07-12T03:18:07.853221,2026-07-12T03:18:08.560969,100,996.48,487.58,,,1052.61,541.94,962.01,0.10,0.21,,,0.10,0.18,0.10,0.0009,0.0020,,,0.0009,0.0018,0.0010,N/A,N/A,,,0.0000,0.0014,N/A
2026-07-12T03:18:08.561044,2026-07-12T03:18:09.266978,100,1023.76,452.79,,,1150.48,563.17,964.01,0.10,0.22,,,0.09,0.18,0.10,0.0009,0.0022,,,0.0008,0.0018,0.0010,N/A,N/A,,,0.0000,0.0013,N/A
2026-07-19T03:14:30.178935,2026-07-19T03:14:30.844757,100,1060.83,465.22,,,1295.29,616.31,1012.56,0.09,0.21,,,0.08,0.16,0.10,0.0009,0.0021,,,0.0007,0.0016,0.0010,N/A,N/A,,,0.0000,0.0012,N/A
2026-07-19T03:14:30.844817,2026-07-19T03:14:31.510726,100,1046.85,481.57,,,1275.28,599.35,1011.52,0.10,0.21,,,0.08,0.17,0.10,0.0009,0.0021,,,0.0007,0.0017,0.0010,N/A,N/A,,,0.0000,0.0012,N/A
2026-07-19T03:14:31.510794,2026-07-19T03:14:32.177129,100,1055.51,483.52,,,1266.76,593.66,1009.36,0.09,0.21,,,0.08,0.17,0.10,0.0009,0.0021,,,0.0008,0.0017,0.0010,N/A,N/A,,,0.0000,0.0013,N/A
2026-07-19T03:14:32.177186,2026-07-19T03:14:32.841487,100,1070.49,503.26,,,1245.43,575.40,1005.17,0.09,0.20,,,0.08,0.17,0.10,0.0009,0.0020,,,0.0008,0.0017,0.0010,N/A,N/A,,,0.0000,0.0013,N/A
2026-07-19T03:14:32.841542,2026-07-19T03:14:33.503136,100,1070.87,493.91,,,1221.24,602.40,1004.22,0.09,0.20,,,0.08,0.17,0.10,0.0009,0.0020,,,0.0008,0.0017,0.0010,N/A,N/A,,,0.0000,0.0012,N/A
2026-07-19T03:14:33.503191,2026-07-19T03:14:34.181108,100,1072.77,459.37,,,1201.78,610.67,985.09,0.09,0.22,,,0.08,0.16,0.10,0.0009,0.0022,,,0.0008,0.0016,0.0010,N/A,N/A,,,0.0000,0.0012,N/A
2026-07-19T03:14:34.181163,2026-07-19T03:14:34.869165,100,1082.88,482.29,,,1165.37,556.55,960.06,0.09,0.21,,,0.09,0.18,0.10,0.0008,0.0021,,,0.0008,0.0018,0.0010,N/A,N/A,,,0.0000,0.0013,N/A
2026-07-19T03:14:34.869221,2026-07-19T03:14:35.573317,100,1003.92,429.89,,,1199.83,589.48,997.30,0.10,0.23,,,0.08,0.17,0.10,0.0009,0.0023,,,0.0008,0.0017,0.0010,N/A,N/A,,,0.0000,0.0013,N/A
2026-07-19T03:14:35.573373,2026-07-19T03:14:36.267437,100,1052.08,499.08,,,1203.77,506.40,1005.04,0.10,0.20,,,0.08,0.20,0.10,0.0009,0.0020,,,0.0008,0.0020,0.0010,N/A,N/A,,,0.0000,0.0015,N/A
2026-07-19T03:14:36.267492,2026-07-19T03:14:36.922030,100,1064.34,502.01,,,1192.19,609.43,1054.13,0.09,0.20,,,0.08,0.16,0.09,0.0009,0.0020,,,0.0008,0.0016,0.0009,N/A,N/A,,,0.0000,0.0012,N/A
2026-07-19T03:14:36.922096,2026-07-19T03:14:37.596910,100,1083.39,499.56,,,1203.14,555.66,998.50,0.09,0.20,,,0.08,0.18,0.10,0.0009,0.0020,,,0.0008,0.0018,0.0010,N/A,N/A,,,0.0000,0.0013,N/A
2026-07-19T03:14:37.596965,2026-07-19T03:14:38.291212,100,1078.55,489.06,,,1193.71,515.51,994.91,0.09,0.20,,,0.08,0.19,0.10,0.0009,0.0020,,,0.0008,0.0019,0.0010,N/A,N/A,,,0.0000,0.0015,N/A
2026-07-19T03:14:38.291269,2026-07-19T03:14:38.966791,100,1079.98,501.56,,,1163.09,565.33,981.40,0.09,0.20,,,0.09,0.18,0.10,0.0009,0.0020,,,0.0008,0.0018,0.0010,N/A,N/A,,,0.0000,0.0013,N/A
2026-07-19T03:14:38.966847,2026-07-19T03:14:39.639067,100,1072.27,474.71,,,1173.27,599.01,1027.69,0.09,0.21,,,0.09,0.17,0.10,0.0009,0.0021,,,0.0008,0.0017,0.0010,N/A,N/A,,,0.0000,0.0012,N/A
2026-07-19T03:14:39.639170,2026-07-19T03:14:40.309470,100,1073.02,487.60,,,1228.77,573.07,1028.90,0.09,0.21,,,0.08,0.17,0.10,0.0009,0.0020,,,0.0008,0.0017,0.0010,N/A,N/A,,,0.0000,0.0013,N/A
2026-07-19T03:14:40.309525,2026-07-19T03:14:40.990553,100,1008.98,469.82,,,1203.03,601.90,999.32,0.10,0.21,,,0.08,0.17,0.10,0.0009,0.0021,,,0.0008,0.0017,0.0010,N/A,N/A,,,0.0000,0.0012,N/A
2026-07-19T03:14:40.990634,2026-07-19T03:14:41.669091,100,1059.55,472.33,,,1200.56,591.21,997.71,0.09,0.21,,,0.08,0.17,0.10,0.0009,0.0021,,,0.0008,0.0017,0.0010,N/A,N/A,,,0.0000,0.0013,N/A
2026-07-19T03:14:41.669148,2026-07-19T03:14:42.351112,100,1060.24,455.59,,,1167.54,608.85,1007.60,0.09,0.22,,,0.09,0.16,0.10,0.0009,0.0022,,,0.0008,0.0016,0.0010,N/A,N/A,,,0.0000,0.0012,N/A
2026-07-19T03:14:42.351177,2026-07-19T03:14:43.034491,100,1072.58,479.93,,,1214.97,557.01,994.21,0.09,0.21,,,0.08,0.18,0.10,0.0009,0.0021,,,0.0008,0.0018,0.0010,N/A,N/A,,,0.0000,0.0013,N/A
2026-07-19T03:14:43.034548,2026-07-19T03:14:43.692490,100,1084.90,498.33,,,1230.99,597.72,1020.85,0.09,0.20,,,0.08,0.17,0.10,0.0008,0.0020,,,0.0008,0.0017,0.0010,N/A,N/A,,,0.0000,0.0013,N/A
2026-07-26T03:18:53.260871,2026-07-26T03:18:53.964419,100,981.65,435.32,,,1257.28,584.03,988.40,0.10,0.23,,,0.08,0.17,0.10,0.0009,0.0023,,,0.0008,0.0017,0.0010,N/A,N/A,,,0.0000,0.0013,N/A
2026-07-26T03:18:53.964482,2026-07-26T03:18:54.678936,100,1018.08,458.06,,,1253.68,528.76,937.24,0.10,0.22,,,0.08,0.19,0.11,0.0009,0.0022,,,0.0008,0.0019,0.0011,N/A,N/A,,,0.0000,0.0014,N/A
2026-07-26T03:18:54.678992,2026-07-26T03:18:55.384546,100,1008.62,452.41,,,1233.14,549.76,974.95,0.10,0.22,,,0.08,0.18,0.10,0.0009,0.0022,,,0.0008,0.0018,0.0010,N/A,N/A,,,0.0000,0.0013,N/A
2026-07-26T03:18:55.384596,2026-07-26T03:18:56.094384,100,1029.68,444.69,,,1225.60,554.52,945.88,0.10,0.22,,,0.08,0.18,0.11,0.0009,0.0022,,,0.0008,0.0018,0.0011,N/A,N/A,,,0.0000,0.0013,N/A
2026-07-26T03:18:56.094439,2026-07-26T03:18:56.818919,100,991.81,433.15,,,1200.86,532.67,984.07,0.10,0.23,,,0.08,0.19,0.10,0.0009,0.0023,,,0.0008,0.0019,0.0010,N/A,N/A,,,0.0000,0.0014,N/A
2026-07-26T03:18:56.818971,2026-07-26T03:18:57.541484,100,996.00,418.43,,,1214.32,556.42,991.72,0.10,0.24,,,0.08,0.18,0.10,0.0009,0.0024,,,0.0008,0.0018,0.0010,N/A,N/A,,,0.0000,0.0013,N/A
2026-07-26T03:18:57.541534,2026-07-26T03:18:58.239745,100,1018.81,467.02,,,1191.41,563.82,953.83,0.10,0.21,,,0.08,0.18,0.10,0.0009,0.0021,,,0.0008,0.0018,0.0010,N/A,N/A,,,0.0000,0.0013,N/A
2026-07-26T03:18:58.239794,2026-07-26T03:18:58.962871,100,1008.82,467.94,,,1107.78,506.18,975.37,0.10,0.21,,,0.09,0.20,0.10,0.0009,0.0021,,,0.0009,0.0020,0.0010,N/A,N/A,,,0.0000,0.0015,N/A
2026-07-26T03:18:58.962925,2026-07-26T03:18:59.665594,100,987.80,465.17,,,1196.15,560.97,954.77,0.10,0.21,,,0.08,0.18,0.10,0.0009,0.0021,,,0.0008,0.0018,0.0010,N/A,N/A,,,0.0000,0.0013,N/A
2026-07-26T03:18:59.665644,2026-07-26T03:19:00.383435,100,1005.80,438.14,,,1187.73,550.24,959.83,0.10,0.23,,,0.08,0.18,0.10,0.0009,0.0023,,,0.0008,0.0018,0.0010,N/A,N/A,,,0.0000,0.0013,N/A
2026-07-26T03:19:00.383488,2026-07-26T03:19:01.097924,100,1004.22,436.53,,,1204.43,556.59,976.26,0.10,0.23,,,0.08,0.18,0.10,0.0009,0.0023,,,0.0008,0.0018,0.0010,N/A,N/A,,,0.0000,0.0013,N/A
2026-07-26T03:19:01.097974,2026-07-26T03:19:01.821752,100,1029.78,439.02,,,1185.84,513.58,995.85,0.10,0.23,,,0.08,0.19,0.10,0.0009,0.0023,,,0.0008,0.0019,0.0010,N/A,N/A,,,0.0000,0.0015,N/A
2026-07-26T03:19:01.821801,2026-07-26T03:19:02.522091,100,1004.18,461.00,,,1185.86,556.31,1001.94,0.10,0.22,,,0.08,0.18,0.10,0.0009,0.0022,,,0.0008,0.0018,0.0010,N/A,N/A,,,0.0000,0.0013,N/A
2026-07-26T03:19:02.522148,2026-07-26T03:19:03.232605,100,1008.05,449.39,,,1138.06,556.89,993.28,0.10,0.22,,,0.09,0.18,0.10,0.0009,0.0022,,,0.0008,0.0018,0.0010,N/A,N/A,,,0.0000,0.0013,N/A
2026-07-26T03:19:03.232720,2026-07-26T03:19:03.946252,100,980.83,453.22,,,1181.25,549.47,969.42,0.10,0.22,,,0.08,0.18,0.10,0.0009,0.0022,,,0.0008,0.0018,0.0010,N/A,N/A,,,0.0000,0.0013,N/A
2026-07-26T03:19:03.946328,2026-07-26T03:19:04.653758,100,1018.22,450.46,,,1174.06,562.25,961.88,0.10,0.22,,,0.09,0.18,0.10,0.0009,0.0022,,,0.0008,0.0018,0.0010,N/A,N/A,,,0.0000,0.0013,N/A
2026-07-26T03:19:04.653809,2026-07-26T03:19:05.349556,100,996.28,461.19,,,1203.60,583.02,965.79,0.10,0.22,,,0.08,0.17,0.10,0.0009,0.0022,,,0.0008,0.0017,0.0010,N/A,N/A,,,0.0000,0.0013,N/A
2026-07-26T03:19:05.349615,2026-07-26T03:19:06.074862,100,1021.80,452.08,,,1206.87,494.22,986.53,0.10,0.22,,,0.08,0.20,0.10,0.0009,0.0022,,,0.0008,0.0020,0.0010,N/A,N/A,,,0.0000,0.0015,N/A
2026-07-26T03:19:06.074911,2026-07-26T03:19:06.785050,100,1020.18,446.92,,,1197.09,544.97,988.80,0.10,0.22,,,0.08,0.18,0.10,0.0009,0.0022,,,0.0008,0.0018,0.0010,N/A,N/A,,,0.0000,0.0014,N/A
2026-07-26T03:19:06.785098,2026-07-26T03:19:07.482378,100,1023.67,464.85,,,1210.93,563.78,956.83,0.10,0.22,,,0.08,0.18,0.10,0.0009,0.0021,,,0.0008,0.0018,0.0010,N/A,N/A,,,0.0000,0.0013,N/A
2026-08-02T03:17:29.707125,2026-08-02T03:17:30.222267,100,1394.76,605.79,,,1700.74,785.10,1290.24,0.07,0.17,,,0.06,0.13,0.08,0.0007,0.0016,,,0.0006,0.0013,0.0008,N/A,N/A,,,0.0000,0.0010,N/A
2026-08-02T03:17:30.222319,2026-08-02T03:17:30.729917,100,1380.88,665.29,,,1636.29,754.04,1309.86,0.07,0.15,,,0.06,0.13,0.08,0.0007,0.0015,,,0.0006,0.0013,0.0008,N/A,N/A,,,0.0000,0.0010,N/A
2026-08-02T03:17:30.729979,2026-08-02T03:17:31.246049,100,1381.09,645.96,,,1564.20,750.97,1302.85,0.07,0.15,,,0.06,0.13,0.08,0.0007,0.0015,,,0.0006,0.0013,0.0008,N/A,N/A,,,0.0000,0.0010,N/A
2026-08-02T03:17:31.246094,2026-08-02T03:17:31.759630,100,1389.86,646.14,,,1619.70,746.69,1310.11,0.07,0.15,,,0.06,0.13,0.08,0.0007,0.0015,,,0.0006,0.0013,0.0008,N/A,N/A,,,0.0000,0.0010,N/A
2026-08-02T03:17:31.759676,2026-08-02T03:17:32.286046,100,1370.76,617.18,,,1583.35,740.24,1274.43,0.07,0.16,,,0.06,0.14,0.08,0.0007,0.0016,,,0.0006,0.0013,0.0008,N/A,N/A,,,0.0000,0.0010,N/A
2026-08-02T03:17:32.286091,2026-08-02T03:17:32.829657,100,1368.26,562.60,,,1520.58,742.87,1290.25,0.07,0.18,,,0.07,0.13,0.08,0.0007,0.0018,,,0.0006,0.0013,0.0008,N/A,N/A,,,0.0000,0.0010,N/A
2026-08-02T03:17:32.829705,2026-08-02T03:17:33.346748,100,1388.75,642.85,,,1581.26,760.20,1250.19,0.07,0.16,,,0.06,0.13,0.08,0.0007,0.0015,,,0.0006,0.0013,0.0008,N/A,N/A,,,0.0000,0.0010,N/A
2026-08-02T03:17:33.346794,2026-08-02T03:17:33.864698,100,1372.63,634.91,,,1550.25,768.60,1280.81,0.07,0.16,,,0.06,0.13,0.08,0.0007,0.0016,,,0.0006,0.0013,0.0008,N/A,N/A,,,0.0000,0.0010,N/A
2026-08-02T03:17:33.864743,2026-08-02T03:17:34.390437,100,1386.58,631.49,,,1470.47,752.00,1262.37,0.07,0.16,,,0.07,0.13,0.08,0.0007,0.0016,,,0.0006,0.0013,0.0008,N/A,N/A,,,0.0000,0.0010,N/A
2026-08-02T03:17:34.390494,2026-08-02T03:17:34.917122,100,1362.91,630.84,,,1441.18,750.85,1291.53,0.07,0.16,,,0.07,0.13,0.08,0.0007,0.0016,,,0.0006,0.0013,0.0008,N/A,N/A,,,0.0000,0.0010,N/A
2026-08-02T03:17:34.917173,2026-08-02T03:17:35.469230,100,1358.28,568.73,,,1415.67,716.42,1292.24,0.07,0.18,,,0.07,0.14,0.08,0.0007,0.0017,,,0.0006,0.0014,0.0008,N/A,N/A,,,0.0000,0.0010,N/A
2026-08-02T03:17:35.469274,2026-08-02T03:17:36.001865,100,1366.37,611.85,,,1448.80,754.64,1260.52,0.07,0.16,,,0.07,0.13,0.08,0.0007,0.0016,,,0.0006,0.0013,0.0008,N/A,N/A,,,0.0000,0.0010,N/A
2026-08-02T03:17:36.001914,2026-08-02T03:17:36.523549,100,1395.54,642.02,,,1495.38,746.51,1277.15,0.07,0.16,,,0.07,0.13,0.08,0.0007,0.0015,,,0.0006,0.0013,0.0008,N/A,N/A,,,0.0000,0.0010,N/A
2026-08-02T03:17:36.523595,2026-08-02T03:17:37.053500,100,1395.78,636.73,,,1381.34,726.38,1310.96,0.07,0.16,,,0.07,0.14,0.08,0.0007,0.0016,,,0.0007,0.0014,0.0008,N/A,N/A,,,0.0000,0.0010,N/A
2026-08-02T03:17:37.053584,2026-08-02T03:17:37.577697,100,1349.84,643.04,,,1474.19,748.62,1283.03,0.07,0.16,,,0.07,0.13,0.08,0.0007,0.0015,,,0.0006,0.0013,0.0008,N/A,N/A,,,0.0000,0.0010,N/A
2026-08-02T03:17:37.577745,2026-08-02T03:17:38.103471,100,1374.47,638.34,,,1436.89,737.02,1323.37,0.07,0.16,,,0.07,0.14,0.08,0.0007,0.0016,,,0.0006,0.0014,0.0008,N/A,N/A,,,0.0000,0.0010,N/A
2026-08-02T03:17:38.103518,2026-08-02T03:17:38.652145,100,1328.50,591.48,,,1504.73,683.90,1305.61,0.08,0.17,,,0.07,0.15,0.08,0.0007,0.0017,,,0.0006,0.0015,0.0008,N/A,N/A,,,0.0000,0.0011,N/A
2026-08-02T03:17:38.652187,2026-08-02T03:17:39.178840,100,1364.80,636.98,,,1470.04,740.10,1272.86,0.07,0.16,,,0.07,0.14,0.08,0.0007,0.0016,,,0.0006,0.0014,0.0008,N/A,N/A,,,0.0000,0.0010,N/A
2026-08-02T03:17:39.178893,2026-08-02T03:17:39.708825,100,1373.67,634.66,,,1486.24,724.29,1260.30,0.07,0.16,,,0.07,0.14,0.08,0.0007,0.0016,,,0.0006,0.0014,0.0008,N/A,N/A,,,0.0000,0.0010,N/A
2026-08-02T03:17:39.708876,2026-08-02T03:17:40.233460,100,1339.26,644.10,,,1496.39,742.53,1278.26,0.07,0.16,,,0.07,0.13,0.08,0.0007,0.0015,,,0.0006,0.0013,0.0008,N/A,N/A,,,0.0000,0.0010,N/A
2026-08-09T01:57:13.758034,2026-08-09T01:57:14.465766,100,1006.00,431.10,,,1284.30,562.43,989.63,0.10,0.23,,,0.08,0.18,0.10,0.0009,0.0023,,,0.0007,0.0018,0.0010,N/A,N/A,,,0.0000,0.0013,N/A
2026-08-09T01:57:14.465835,2026-08-09T01:57:15.158451,100,1026.10,457.02,,,1251.86,568.28,994.38,0.10,0.22,,,0.08,0.18,0.10,0.0009,0.0022,,,0.0008,0.0018,0.0010,N/A,N/A,,,0.0000,0.0013,N/A
2026-08-09T01:57:15.158506,2026-08-09T01:57:15.849906,100,1011.09,467.95,,,1218.74,569.34,985.87,0.10,0.21,,,0.08,0.18,0.10,0.0009,0.0021,,,0.0008,0.0018,0.0010,N/A,N/A,,,0.0000,0.0013,N/A
2026-08-09T01:57:15.849965,2026-08-09T01:57:16.533712,100,1014.76,472.93,,,1242.82,571.87,1015.10,0.10,0.21,,,0.08,0.17,0.10,0.0009,0.0021,,,0.0008,0.0017,0.0010,N/A,N/A,,,0.0000,0.0013,N/A
2026-08-09T01:57:16.533762,2026-08-09T01:57:17.214315,100,1043.90,469.76,,,1235.53,580.98,1007.40,0.10,0.21,,,0.08,0.17,0.10,0.0009,0.0021,,,0.0008,0.0017,0.0010,N/A,N/A,,,0.0000,0.0013,N/A
2026-08-09T01:57:17.214371,2026-08-09T01:57:17.921075,100,1026.50,464.32,,,1194.73,532.61,976.04,0.10,0.22,,,0.08,0.19,0.10,0.0009,0.0021,,,0.0008,0.0019,0.0010,N/A,N/A,,,0.0000,0.0014,N/A
2026-08-09T01:57:17.921125,2026-08-09T01:57:18.623376,100,1034.76,460.10,,,1206.60,550.47,958.45,0.10,0.22,,,0.08,0.18,0.10,0.0009,0.0022,,,0.0008,0.0018,0.0010,N/A,N/A,,,0.0000,0.0013,N/A
2026-08-09T01:57:18.623426,2026-08-09T01:57:19.330858,100,1033.18,440.92,,,1155.02,575.13,965.64,0.10,0.23,,,0.09,0.17,0.10,0.0009,0.0022,,,0.0008,0.0017,0.0010,N/A,N/A,,,0.0000,0.0013,N/A
2026-08-09T01:57:19.330906,2026-08-09T01:57:20.045996,100,1019.39,444.48,,,1158.63,544.89,988.12,0.10,0.22,,,0.09,0.18,0.10,0.0009,0.0022,,,0.0008,0.0018,0.0010,N/A,N/A,,,0.0000,0.0014,N/A
2026-08-09T01:57:20.046044,2026-08-09T01:57:20.743522,100,1020.95,454.56,,,1198.04,580.44,961.67,0.10,0.22,,,0.08,0.17,0.10,0.0009,0.0022,,,0.0008,0.0017,0.0010,N/A,N/A,,,0.0000,0.0013,N/A
2026-08-09T01:57:20.743569,2026-08-09T01:57:21.442361,100,1029.48,454.13,,,1181.81,571.93,979.47,0.10,0.22,,,0.08,0.17,0.10,0.0009,0.0022,,,0.0008,0.0017,0.0010,N/A,N/A,,,0.0000,0.0013,N/A
2026-08-09T01:57:21.442408,2026-08-09T01:57:22.155545,100,1053.98,450.05,,,1175.17,539.52,953.05,0.09,0.22,,,0.09,0.19,0.10,0.0009,0.0022,,,0.0008,0.0019,0.0010,N/A,N/A,,,0.0000,0.0014,N/A
2026-08-09T01:57:22.155596,2026-08-09T01:57:22.852305,100,1039.78,458.84,,,1193.06,564.04,981.24,0.10,0.22,,,0.08,0.18,0.10,0.0009,0.0022,,,0.0008,0.0018,0.0010,N/A,N/A,,,0.0000,0.0013,N/A
2026-08-09T01:57:22.852354,2026-08-09T01:57:23.554849,100,1055.41,434.10,,,1197.04,579.42,986.83,0.09,0.23,,,0.08,0.17,0.10,0.0009,0.0023,,,0.0008,0.0017,0.0010,N/A,N/A,,,0.0000,0.0013,N/A
2026-08-09T01:57:23.554945,2026-08-09T01:57:24.257957,100,1019.30,456.64,,,1148.90,577.25,947.37,0.10,0.22,,,0.09,0.17,0.11,0.0009,0.0022,,,0.0008,0.0017,0.0011,N/A,N/A,,,0.0000,0.0013,N/A
2026-08-09T01:57:24.258008,2026-08-09T01:57:24.970095,100,1010.12,460.94,,,1195.36,539.05,934.82,0.10,0.22,,,0.08,0.19,0.11,0.0009,0.0022,,,0.0008,0.0019,0.0011,N/A,N/A,,,0.0000,0.0014,N/A
2026-08-09T01:57:24.970147,2026-08-09T01:57:25.662378,100,1038.93,455.91,,,1170.53,584.35,1005.03,0.10,0.22,,,0.09,0.17,0.10,0.0009,0.0022,,,0.0008,0.0017,0.0010,N/A,N/A,,,0.0000,0.0013,N/A
2026-08-09T01:57:25.662433,2026-08-09T01:57:26.374522,100,1018.01,463.14,,,1181.57,533.30,953.81,0.10,0.22,,,0.08,0.19,0.10,0.0009,0.0021,,,0.0008,0.0019,0.0010,N/A,N/A,,,0.0000,0.0014,N/A
2026-08-09T01:57:26.374574,2026-08-09T01:57:27.076292,100,1022.37,445.08,,,1148.51,592.69,972.70,0.10,0.22,,,0.09,0.17,0.10,0.0009,0.0022,,,0.0008,0.0017,0.0010,N/A,N/A,,,0.0000,0.0013,N/A
2026-08-09T01:57:27.076345,2026-08-09T01:57:27.780227,100,1000.88,459.47,,,1185.02,552.71,991.67,0.10,0.22,,,0.08,0.18,0.10,0.0009,0.0022,,,0.0008,0.0018,0.0010,N/A,N/A,,,0.0000,0.0013,N/A
2026-08-16T01:29:26.839766,2026-08-16T01:29:27.407402,100,1173.01,615.79,,,1530.40,643.30,1216.75,0.09,0.16,,,0.07,0.16,0.08,0.0008,0.0016,,,0.0006,0.0016,0.0008,N/A,N/A,,,0.0000,0.0012,N/A
2026-08-16T01:29:27.407451,2026-08-16T01:29:27.959196,100,1170.65,634.01,,,1553.61,709.46,1147.81,0.09,0.16,,,0.06,0.14,0.09,0.0008,0.0016,,,0.0006,0.0014,0.0009,N/A,N/A,,,0.0000,0.0011,N/A
2026-08-16T01:29:27.959244,2026-08-16T01:29:28.515303,100,1147.00,655.27,,,1418.99,678.71,1213.16,0.09,0.15,,,0.07,0.15,0.08,0.0008,0.0015,,,0.0007,0.0015,0.0008,N/A,N/A,,,0.0000,0.0011,N/A
2026-08-16T01:29:28.515347,2026-08-16T01:29:29.085701,100,1208.46,617.23,,,1300.77,701.07,1112.72,0.08,0.16,,,0.08,0.14,0.09,0.0008,0.0016,,,0.0007,0.0014,0.0009,N/A,N/A,,,0.0000,0.0011,N/A
2026-08-16T01:29:29.085747,2026-08-16T01:29:29.645653,100,1171.48,657.75,,,1419.52,688.10,1126.41,0.09,0.15,,,0.07,0.15,0.09,0.0008,0.0015,,,0.0006,0.0015,0.0009,N/A,N/A,,,0.0000,0.0011,N/A
2026-08-16T01:29:29.645697,2026-08-16T01:29:30.222601,100,1206.94,598.45,,,1300.60,679.72,1152.95,0.08,0.17,,,0.08,0.15,0.09,0.0008,0.0017,,,0.0007,0.0015,0.0009,N/A,N/A,,,0.0000,0.0011,N/A
2026-08-16T01:29:30.222644,2026-08-16T01:29:30.801175,100,1195.50,637.44,,,1253.75,665.60,1087.35,0.08,0.16,,,0.08,0.15,0.09,0.0008,0.0016,,,0.0007,0.0015,0.0009,N/A,N/A,,,0.0000,0.0011,N/A
2026-08-16T01:29:30.801218,2026-08-16T01:29:31.377146,100,1182.55,623.56,,,1259.73,691.82,1099.69,0.08,0.16,,,0.08,0.14,0.09,0.0008,0.0016,,,0.0007,0.0014,0.0009,N/A,N/A,,,0.0000,0.0011,N/A
2026-08-16T01:29:31.377192,2026-08-16T01:29:31.954791,100,1158.70,636.99,,,1250.77,674.12,1118.93,0.09,0.16,,,0.08,0.15,0.09,0.0008,0.0016,,,0.0007,0.0015,0.0009,N/A,N/A,,,0.0000,0.0011,N/A
2026-08-16T01:29:31.954834,2026-08-16T01:29:32.547419,100,1222.94,552.37,,,1319.78,687.81,1083.56,0.08,0.18,,,0.08,0.15,0.09,0.0008,0.0018,,,0.0007,0.0015,0.0009,N/A,N/A,,,0.0000,0.0011,N/A
2026-08-16T01:29:32.547463,2026-08-16T01:29:33.140831,100,1137.91,639.20,,,1232.54,624.74,1090.13,0.09,0.16,,,0.08,0.16,0.09,0.0008,0.0016,,,0.0007,0.0016,0.0009,N/A,N/A,,,0.0000,0.0012,N/A
2026-08-16T01:29:33.140868,2026-08-16T01:29:33.717052,100,1227.24,590.42,,,1292.77,698.30,1128.16,0.08,0.17,,,0.08,0.14,0.09,0.0008,0.0017,,,0.0007,0.0014,0.0009,N/A,N/A,,,0.0000,0.0011,N/A
2026-08-16T01:29:33.717096,2026-08-16T01:29:34.290090,100,1225.95,596.37,,,1187.45,719.45,1186.13,0.08,0.17,,,0.08,0.14,0.08,0.0008,0.0017,,,0.0008,0.0014,0.0008,N/A,N/A,,,0.0000,0.0010,N/A
2026-08-16T01:29:34.290133,2026-08-16T01:29:34.867930,100,1131.62,645.39,,,1172.49,686.68,1149.22,0.09,0.15,,,0.09,0.15,0.09,0.0008,0.0015,,,0.0008,0.0015,0.0009,N/A,N/A,,,0.0000,0.0011,N/A
2026-08-16T01:29:34.868007,2026-08-16T01:29:35.419397,100,1244.86,653.57,,,1338.81,703.36,1175.31,0.08,0.15,,,0.07,0.14,0.09,0.0007,0.0015,,,0.0007,0.0014,0.0009,N/A,N/A,,,0.0000,0.0011,N/A
2026-08-16T01:29:35.419443,2026-08-16T01:29:36.005507,100,1170.09,621.83,,,1214.61,669.46,1087.58,0.09,0.16,,,0.08,0.15,0.09,0.0008,0.0016,,,0.0007,0.0015,0.0009,N/A,N/A,,,0.0000,0.0011,N/A
2026-08-16T01:29:36.005563,2026-08-16T01:29:36.593207,100,1249.33,586.40,,,1209.50,667.79,1130.76,0.08,0.17,,,0.08,0.15,0.09,0.0007,0.0017,,,0.0007,0.0015,0.0009,N/A,N/A,,,0.0000,0.0011,N/A
2026-08-16T01:29:36.593250,2026-08-16T01:29:37.182809,100,1156.53,591.82,,,1295.11,683.58,1059.19,0.09,0.17,,,0.08,0.15,0.09,0.0008,0.0017,,,0.0007,0.0015,0.0009,N/A,N/A,,,0.0000,0.0011,N/A
2026-08-16T01:29:37.182852,2026-08-16T01:29:37.760142,100,1179.71,609.73,,,1253.15,681.61,1169.23,0.08,0.16,,,0.08,0.15,0.09,0.0008,0.0016,,,0.0007,0.0015,0.0009,N/A,N/A,,,0.0000,0.0011,N/A
2026-08-16T01:29:37.760188,2026-08-16T01:29:38.332308,100,1336.57,627.69,,,1250.93,673.11,1074.15,0.07,0.16,,,0.08,0.15,0.09,0.0007,0.0016,,,0.0007,0.0015,0.0009,N/A,N/A,,,0.0000,0.0011,N/A
2026-08-23T01:36:11.872066,2026-08-23T01:36:12.546596,100,1070.70,457.07,,,1283.75,600.01,1017.52,0.09,0.22,,,0.08,0.17,0.10,0.0009,0.0022,,,0.0007,0.0017,0.0010,N/A,N/A,,,0.0000,0.0012,N/A
2026-08-23T01:36:12.546650,2026-08-23T01:36:13.205048,100,1071.86,495.93,,,1251.55,598.57,1034.62,0.09,0.20,,,0.08,0.17,0.10,0.0009,0.0020,,,0.0008,0.0017,0.0010,N/A,N/A,,,0.0000,0.0012,N/A
2026-08-23T01:36:13.205109,2026-08-23T01:36:13.883506,100,1081.59,472.03,,,1240.51,568.76,1022.27,0.09,0.21,,,0.08,0.18,0.10,0.0008,0.0021,,,0.0008,0.0018,0.0010,N/A,N/A,,,0.0000,0.0013,N/A
2026-08-23T01:36:13.883564,2026-08-23T01:36:14.552203,100,1071.21,469.57,,,1263.22,600.48,1029.74,0.09,0.21,,,0.08,0.17,0.10,0.0009,0.0021,,,0.0008,0.0017,0.0010,N/A,N/A,,,0.0000,0.0012,N/A
2026-08-23T01:36:14.552282,2026-08-23T01:36:15.220000,100,1091.93,479.92,,,1209.51,600.30,1013.81,0.09,0.21,,,0.08,0.17,0.10,0.0008,0.0021,,,0.0008,0.0017,0.0010,N/A,N/A,,,0.0000,0.0012,N/A
2026-08-23T01:36:15.220051,2026-08-23T01:36:15.902380,100,1084.01,481.87,,,1238.57,533.50,1057.63,0.09,0.21,,,0.08,0.19,0.09,0.0008,0.0021,,,0.0008,0.0019,0.0009,N/A,N/A,,,0.0000,0.0014,N/A
2026-08-23T01:36:15.902431,2026-08-23T01:36:16.577324,100,1046.53,468.06,,,1250.52,588.25,1044.72,0.10,0.21,,,0.08,0.17,0.10,0.0009,0.0021,,,0.0008,0.0017,0.0010,N/A,N/A,,,0.0000,0.0013,N/A
2026-08-23T01:36:16.577374,2026-08-23T01:36:17.243046,100,1089.98,480.69,,,1223.72,595.85,1033.28,0.09,0.21,,,0.08,0.17,0.10,0.0008,0.0021,,,0.0008,0.0017,0.0010,N/A,N/A,,,0.0000,0.0013,N/A
2026-08-23T01:36:17.243096,2026-08-23T01:36:17.925827,100,1067.19,477.11,,,1223.61,561.44,1000.08,0.09,0.21,,,0.08,0.18,0.10,0.0009,0.0021,,,0.0008,0.0018,0.0010,N/A,N/A,,,0.0000,0.0013,N/A
2026-08-23T01:36:17.925877,2026-08-23T01:36:18.605319,100,1055.81,465.47,,,1198.44,585.97,1048.94,0.09,0.21,,,0.08,0.17,0.10,0.0009,0.0021,,,0.0008,0.0017,0.0010,N/A,N/A,,,0.0000,0.0013,N/A
2026-08-23T01:36:18.605375,2026-08-23T01:36:19.284195,100,1051.64,473.61,,,1218.07,577.63,1025.18,0.10,0.21,,,0.08,0.17,0.10,0.0009,0.0021,,,0.0008,0.0017,0.0010,N/A,N/A,,,0.0000,0.0013,N/A
2026-08-23T01:36:19.284280,2026-08-23T01:36:19.989168,100,1109.25,418.69,,,1180.50,573.11,1037.78,0.09,0.24,,,0.08,0.17,0.10,0.0008,0.0024,,,0.0008,0.0017,0.0010,N/A,N/A,,,0.0000,0.0013,N/A
2026-08-23T01:36:19.989222,2026-08-23T01:36:20.673534,100,1059.95,454.30,,,1240.27,578.51,1033.43,0.09,0.22,,,0.08,0.17,0.10,0.0009,0.0022,,,0.0008,0.0017,0.0010,N/A,N/A,,,0.0000,0.0013,N/A
2026-08-23T01:36:20.673583,2026-08-23T01:36:21.350640,100,1093.52,476.45,,,1235.97,557.34,1045.28,0.09,0.21,,,0.08,0.18,0.10,0.0008,0.0021,,,0.0008,0.0018,0.0010,N/A,N/A,,,0.0000,0.0013,N/A
2026-08-23T01:36:21.350737,2026-08-23T01:36:22.036470,100,1038.85,473.74,,,1196.92,563.68,1025.87,0.10,0.21,,,0.08,0.18,0.10,0.0009,0.0021,,,0.0008,0.0018,0.0010,N/A,N/A,,,0.0000,0.0013,N/A
2026-08-23T01:36:22.036519,2026-08-23T01:36:22.716799,100,1042.05,467.15,,,1223.10,576.41,1048.92,0.10,0.21,,,0.08,0.17,0.10,0.0009,0.0021,,,0.0008,0.0017,0.0010,N/A,N/A,,,0.0000,0.0013,N/A
2026-08-23T01:36:22.716850,2026-08-23T01:36:23.396391,100,1077.42,476.61,,,1247.20,569.53,987.40,0.09,0.21,,,0.08,0.18,0.10,0.0009,0.0021,,,0.0008,0.0018,0.0010,N/A,N/A,,,0.0000,0.0013,N/A
2026-08-23T01:36:23.396440,2026-08-23T01:36:24.103995,100,1070.95,418.67,,,1202.14,569.81,1041.77,0.09,0.24,,,0.08,0.18,0.10,0.0009,0.0024,,,0.0008,0.0018,0.0010,N/A,N/A,,,0.0000,0.0013,N/A
2026-08-23T01:36:24.104043,2026-08-23T01:36:24.780902,100,1081.87,456.67,,,1245.82,595.69,1022.48,0.09,0.22,,,0.08,0.17,0.10,0.0008,0.0022,,,0.0008,0.0017,0.0010,N/A,N/A,,,0.0000,0.0012,N/A
2026-08-23T01:36:24.780952,2026-08-23T01:36:25.462653,100,1041.59,482.40,,,1243.97,556.50,1014.42,0.10,0.21,,,0.08,0.18,0.10,0.0009,0.0021,,,0.0008,0.0018,0.0010,N/A,N/A,,,0.0000,0.0013,N/A
2026-08-24T10:00:43.135475,2026-08-24T10:00:44.214656,100,815.52,485.24,459.95,,1222.77,330.18,713.81,0.12,0.21,0.22,,0.08,0.30,0.14,0.0012,0.0020,0.0021,,0.0008,0.0030,0.0014,N/A,N/A,N/A,,0.0000,0.0024,N/A
2026-08-24T10:00:44.214815,2026-08-24T10:00:45.303998,100,817.60,575.01,518.52,,1168.23,287.18,630.84,0.12,0.17,0.19,,0.09,0.35,0.16,0.0011,0.0017,0.0019,,0.0008,0.0035,0.0016,N/A,N/A,N/A,,0.0000,0.0027,N/A
2026-08-24T10:00:45.304184,2026-08-24T10:00:46.516515,100,756.29,434.46,489.53,,1187.87,256.18,614.86,0.13,0.23,0.20,,0.08,0.39,0.16,0.0012,0.0023,0.0020,,0.0008,0.0039,0.0016,N/A,N/A,N/A,,0.0000,0.0030,N/A
2026-08-24T10:00:46.516760,2026-08-24T10:00:47.814363,100,771.85,297.12,444.01,,1149.74,286.37,621.34,0.13,0.34,0.23,,0.09,0.35,0.16,0.0012,0.0033,0.0022,,0.0008,0.0035,0.0016,N/A,N/A,N/A,,0.0000,0.0027,N/A
2026-08-24T10:00:47.814521,2026-08-24T10:00:49.130955,100,903.43,345.44,403.86,,1154.81,238.10,659.99,0.11,0.29,0.25,,0.09,0.42,0.15,0.0010,0.0029,0.0024,,0.0008,0.0042,0.0015,N/A,N/A,N/A,,0.0000,0.0032,N/A
2026-08-24T10:00:49.131112,2026-08-24T10:00:50.353321,100,801.82,447.94,527.18,,1160.26,254.98,505.19,0.12,0.22,0.19,,0.09,0.39,0.20,0.0012,0.0022,0.0019,,0.0008,0.0039,0.0020,N/A,N/A,N/A,,0.0000,0.0030,N/A
2026-08-24T10:00:50.353488,2026-08-24T10:00:51.560485,100,592.80,405.42,513.84,,953.16,315.03,605.32,0.17,0.25,0.19,,0.10,0.32,0.17,0.0016,0.0025,0.0019,,0.0010,0.0032,0.0017,N/A,N/A,N/A,,0.0000,0.0025,N/A
2026-08-24T10:00:51.560910,2026-08-24T10:00:52.892935,100,759.91,373.27,348.29,,1225.06,236.87,760.80,0.13,0.27,0.29,,0.08,0.42,0.13,0.0012,0.0027,0.0028,,0.0008,0.0042,0.0013,N/A,N/A,N/A,,0.0000,0.0032,N/A
2026-08-24T10:00:52.893296,2026-08-24T10:00:54.309820,100,794.87,330.50,326.18,,1138.50,237.96,623.57,0.13,0.30,0.31,,0.09,0.42,0.16,0.0012,0.0030,0.0030,,0.0008,0.0042,0.0016,N/A,N/A,N/A,,0.0000,0.0032,N/A
2026-08-24T10:00:54.310154,2026-08-24T10:00:55.633062,100,568.79,457.64,434.34,,1127.81,219.27,700.73,0.18,0.22,0.23,,0.09,0.46,0.14,0.0016,0.0022,0.0023,,0.0008,0.0046,0.0014,N/A,N/A,N/A,,0.0000,0.0035,N/A
2026-08-24T10:00:55.633132,2026-08-24T10:00:56.877800,100,813.81,358.12,477.56,,1200.35,281.72,533.54,0.12,0.28,0.21,,0.08,0.35,0.19,0.0012,0.0028,0.0021,,0.0008,0.0035,0.0019,N/A,N/A,N/A,,0.0000,0.0027,N/A
2026-08-24T10:00:56.877960,2026-08-24T10:00:58.178989,100,875.79,338.05,409.10,,1105.34,238.43,787.49,0.11,0.30,0.24,,0.09,0.42,0.13,0.0011,0.0029,0.0024,,0.0009,0.0042,0.0013,N/A,N/A,N/A,,0.0000,0.0032,N/A
2026-08-24T10:00:58.179160,2026-08-24T10:00:59.485052,100,871.06,405.30,416.47,,780.74,227.04,792.78,0.11,0.25,0.24,,0.13,0.44,0.13,0.0011,0.0025,0.0024,,0.0012,0.0044,0.0013,N/A,N/A,N/A,,0.0000,0.0034,N/A
2026-08-24T10:00:59.485203,2026-08-24T10:01:00.636798,100,903.02,428.01,513.33,,1149.51,272.72,659.15,0.11,0.23,0.19,,0.09,0.37,0.15,0.0010,0.0023,0.0019,,0.0008,0.0037,0.0015,N/A,N/A,N/A,,0.0000,0.0028,N/A
2026-08-24T10:01:00.636898,2026-08-24T10:01:02.181715,100,472.20,340.25,475.72,,569.94,253.79,400.08,0.21,0.29,0.21,,0.18,0.39,0.25,0.0020,0.0029,0.0021,,0.0017,0.0039,0.0025,N/A,N/A,N/A,,0.0000,0.0031,N/A
2026-08-24T10:01:02.182049,2026-08-24T10:01:03.769382,100,630.84,317.22,318.34,,563.06,276.95,408.61,0.16,0.32,0.31,,0.18,0.36,0.24,0.0015,0.0031,0.0031,,0.0017,0.0036,0.0024,N/A,N/A,N/A,,0.0000,0.0028,N/A
2026-08-24T10:01:03.769859,2026-08-24T10:01:05.443359,100,430.10,294.81,419.89,,538.38,241.48,402.25,0.23,0.34,0.24,,0.19,0.41,0.25,0.0021,0.0034,0.0023,,0.0018,0.0041,0.0025,N/A,N/A,N/A,,0.0000,0.0032,N/A
2026-08-24T10:01:05.443638,2026-08-24T10:01:07.143234,100,407.22,343.42,349.93,,597.84,235.77,371.25,0.25,0.29,0.29,,0.17,0.42,0.27,0.0023,0.0029,0.0028,,0.0016,0.0042,0.0027,N/A,N/A,N/A,,0.0000,0.0033,N/A
2026-08-24T10:01:07.143418,2026-08-24T10:01:08.666647,100,450.10,400.27,476.48,,566.74,243.33,416.74,0.22,0.25,0.21,,0.18,0.41,0.24,0.0021,0.0025,0.0021,,0.0017,0.0041,0.0024,N/A,N/A,N/A,,0.0000,0.0032,N/A
2026-08-24T10:01:08.666917,2026-08-24T10:01:10.233354,100,469.07,353.13,358.57,,552.61,275.17,438.39,0.21,0.28,0.28,,0.18,0.36,0.23,0.0020,0.0028,0.0027,,0.0017,0.0036,0.0023,N/A,N/A,N/A,,0.0000,0.0028,N/A
2026-08-24T10:01:10.233836,2026-08-24T10:01:11.823048,100,425.45,413.40,377.17,,618.96,235.73,400.78,0.24,0.24,0.27,,0.16,0.42,0.25,0.0022,0.0024,0.0026,,0.0015,0.0042,0.0025,N/A,N/A,N/A,,0.0000,0.0032,N/A
2026-08-24T10:01:11.823352,2026-08-24T10:01:13.365320,100,533.30,478.25,304.50,,642.17,252.41,399.37,0.19,0.21,0.33,,0.16,0.40,0.25,0.0018,0.0021,0.0032,,0.0015,0.0040,0.0025,N/A,N/A,N/A,,0.0000,0.0031,N/A
2026-08-24T10:01:13.365520,2026-08-24T10:01:14.956106,100,471.90,341.58,396.45,,554.52,253.35,408.38,0.21,0.29,0.25,,0.18,0.39,0.24,0.0020,0.0029,0.0025,,0.0017,0.0039,0.0024,N/A,N/A,N/A,,0.0000,0.0031,N/A
2026-08-24T10:01:14.956352,2026-08-24T10:01:16.598409,100,390.99,340.81,393.54,,538.25,252.50,415.23,0.26,0.29,0.25,,0.19,0.40,0.24,0.0024,0.0029,0.0025,,0.0018,0.0040,0.0024,N/A,N/A,N/A,,0.0000,0.0031,N/A
2026-08-24T10:01:16.598693,2026-08-24T10:01:18.122403,100,464.54,339.62,458.83,,583.88,268.39,417.35,0.22,0.29,0.22,,0.17,0.37,0.24,0.0020,0.0029,0.0021,,0.0016,0.0037,0.0024,N/A,N/A,N/A,,0.0000,0.0029,N/A
2026-08-24T10:01:18.122555,2026-08-24T10:01:19.797668,100,383.44,360.98,351.32,,526.36,243.47,413.21,0.26,0.28,0.28,,0.19,0.41,0.24,0.0024,0.0028,0.0028,,0.0018,0.0041,0.0024,N/A,N/A,N/A,,0.0000,0.0032,N/A
2026-08-24T10:01:19.797821,2026-08-24T10:01:21.379457,100,453.84,358.85,351.36,,615.60,258.50,424.91,0.22,0.28,0.28,,0.16,0.39,0.24,0.0021,0.0028,0.0028,,0.0016,0.0039,0.0024,N/A,N/A,N/A,,0.0000,0.0030,N/A
2026-08-24T10:01:21.379798,2026-08-24T10:01:22.977206,100,429.72,349.43,403.90,,559.79,253.02,413.19,0.23,0.29,0.25,,0.18,0.40,0.24,0.0022,0.0028,0.0024,,0.0017,0.0039,0.0024,N/A,N/A,N/A,,0.0000,0.0031,N/A
2026-08-24T10:01:22.977475,2026-08-24T10:01:24.500789,100,460.81,366.47,452.10,,537.80,262.95,429.02,0.22,0.27,0.22,,0.19,0.38,0.23,0.0020,0.0027,0.0022,,0.0018,0.0038,0.0023,N/A,N/A,N/A,,0.0000,0.0029,N/A
2026-08-24T10:01:24.501255,2026-08-24T10:01:26.269645,100,456.55,330.65,441.43,,407.60,240.78,288.46,0.22,0.30,0.23,,0.25,0.42,0.35,0.0021,0.0030,0.0022,,0.0023,0.0041,0.0035,N/A,N/A,N/A,,0.0000,0.0032,N/A
2026-08-24T10:01:26.269721,2026-08-24T10:01:27.801506,100,437.43,377.52,381.70,,586.02,283.70,411.53,0.23,0.26,0.26,,0.17,0.35,0.24,0.0021,0.0026,0.0026,,0.0016,0.0035,0.0024,N/A,N/A,N/A,,0.0000,0.0027,N/A
2026-08-24T10:01:27.801704,2026-08-24T10:01:29.387514,100,459.07,353.86,410.68,,593.82,237.33,424.80,0.22,0.28,0.24,,0.17,0.42,0.24,0.0020,0.0028,0.0024,,0.0016,0.0042,0.0024,N/A,N/A,N/A,,0.0000,0.0033,N/A
2026-08-24T10:01:29.387674,2026-08-24T10:01:30.991081,100,453.91,386.28,333.26,,583.28,253.43,401.12,0.22,0.26,0.30,,0.17,0.39,0.25,0.0020,0.0026,0.0030,,0.0016,0.0039,0.0025,N/A,N/A,N/A,,0.0000,0.0031,N/A
2026-08-24T10:01:30.991288,2026-08-24T10:01:32.700673,100,448.25,358.29,331.17,,557.59,216.54,402.51,0.22,0.28,0.30,,0.18,0.46,0.25,0.0021,0.0028,0.0030,,0.0017,0.0046,0.0025,N/A,N/A,N/A,,0.0000,0.0036,N/A
2026-08-24T10:01:32.700830,2026-08-24T10:01:34.219628,100,457.28,382.07,419.06,,604.52,255.98,429.55,0.22,0.26,0.24,,0.17,0.39,0.23,0.0021,0.0026,0.0023,,0.0016,0.0039,0.0023,N/A,N/A,N/A,,0.0000,0.0030,N/A
2026-08-24T10:01:34.219919,2026-08-24T10:01:35.978167,100,447.18,273.96,420.76,,515.23,234.06,338.29,0.22,0.37,0.24,,0.19,0.43,0.30,0.0021,0.0036,0.0023,,0.0018,0.0043,0.0030,N/A,N/A,N/A,,0.0000,0.0033,N/A
2026-08-24T10:01:35.978463,2026-08-24T10:01:37.591366,100,411.46,355.30,355.13,,556.30,270.23,404.18,0.24,0.28,0.28,,0.18,0.37,0.25,0.0023,0.0028,0.0028,,0.0017,0.0037,0.0025,N/A,N/A,N/A,,0.0000,0.0029,N/A
2026-08-24T10:01:37.591721,2026-08-24T10:01:39.249125,100,425.35,350.85,349.72,,525.25,247.69,410.50,0.24,0.29,0.29,,0.19,0.40,0.24,0.0022,0.0028,0.0028,,0.0018,0.0040,0.0024,N/A,N/A,N/A,,0.0000,0.0031,N/A
2026-08-24T10:01:39.249682,2026-08-24T10:01:40.979184,100,392.84,300.84,418.41,,528.37,245.03,346.87,0.25,0.33,0.24,,0.19,0.41,0.29,0.0024,0.0033,0.0024,,0.0018,0.0041,0.0029,N/A,N/A,N/A,,0.0000,0.0031,N/A
2026-08-24T10:01:40.979349,2026-08-24T10:01:42.605549,100,432.98,335.38,343.01,,525.14,275.13,423.68,0.23,0.30,0.29,,0.19,0.36,0.24,0.0022,0.0030,0.0029,,0.0018,0.0036,0.0024,N/A,N/A,N/A,,0.0000,0.0028,N/A
2026-08-24T10:01:42.605894,2026-08-24T10:01:44.187163,100,439.74,391.05,346.39,,608.62,250.54,434.26,0.23,0.26,0.29,,0.16,0.40,0.23,0.0021,0.0025,0.0028,,0.0016,0.0040,0.0023,N/A,N/A,N/A,,0.0000,0.0031,N/A
2026-08-24T10:01:44.187529,2026-08-24T10:01:45.756718,100,405.38,351.02,348.31,,921.59,266.42,394.83,0.25,0.28,0.29,,0.11,0.38,0.25,0.0023,0.0028,0.0028,,0.0010,0.0038,0.0025,N/A,N/A,N/A,,0.0000,0.0029,N/A
2026-08-24T10:01:45.756826,2026-08-24T10:01:47.185141,100,460.63,444.06,395.28,,1516.59,246.88,399.28,0.22,0.23,0.25,,0.07,0.41,0.25,0.0020,0.0022,0.0025,,0.0006,0.0040,0.0025,N/A,N/A,N/A,,0.0000,0.0031,N/A
2026-08-24T10:01:47.185585,2026-08-24T10:01:48.495309,100,409.38,451.16,438.08,,1070.75,299.65,553.19,0.24,0.22,0.23,,0.09,0.33,0.18,0.0023,0.0022,0.0023,,0.0009,0.0033,0.0018,N/A,N/A,N/A,,0.0000,0.0026,N/A
2026-08-24T10:01:48.495463,2026-08-24T10:01:49.710572,100,885.15,447.95,391.06,,1094.68,281.70,592.57,0.11,0.22,0.26,,0.09,0.35,0.17,0.0011,0.0022,0.0025,,0.0009,0.0035,0.0017,N/A,N/A,N/A,,0.0000,0.0027,N/A
2026-08-24T10:01:49.710743,2026-08-24T10:01:51.007664,100,759.91,369.96,433.96,,931.89,241.76,794.16,0.13,0.27,0.23,,0.11,0.41,0.13,0.0012,0.0027,0.0023,,0.0010,0.0041,0.0013,N/A,N/A,N/A,,0.0000,0.0032,N/A
2026-08-24T10:01:51.007885,2026-08-24T10:01:52.291846,100,636.73,581.25,366.74,,923.51,281.05,477.26,0.16,0.17,0.27,,0.11,0.36,0.21,0.0015,0.0017,0.0027,,0.0010,0.0036,0.0021,N/A,N/A,N/A,,0.0000,0.0027,N/A
2026-08-24T10:01:52.292011,2026-08-24T10:01:53.734552,100,628.95,322.14,285.98,,1251.03,271.38,627.03,0.16,0.31,0.35,,0.08,0.37,0.16,0.0015,0.0031,0.0035,,0.0008,0.0037,0.0016,N/A,N/A,N/A,,0.0000,0.0029,N/A
2026-08-24T10:01:53.734759,2026-08-24T10:01:55.077416,100,589.71,414.70,455.18,,873.14,278.88,447.80,0.17,0.24,0.22,,0.11,0.36,0.22,0.0016,0.0024,0.0021,,0.0011,0.0036,0.0022,N/A,N/A,N/A,,0.0000,0.0027,N/A
2026-08-24T10:01:55.077560,2026-08-24T10:01:56.349847,100,915.65,314.82,522.77,,1210.68,231.65,782.63,0.11,0.32,0.19,,0.08,0.43,0.13,0.0010,0.0032,0.0019,,0.0008,0.0043,0.0013,N/A,N/A,N/A,,0.0000,0.0033,N/A
2026-08-24T10:01:56.350027,2026-08-24T10:01:57.270824,100,899.33,459.82,750.89,,1223.74,407.11,806.33,0.11,0.22,0.13,,0.08,0.25,0.12,0.0010,0.0022,0.0013,,0.0008,0.0025,0.0012,N/A,N/A,N/A,,0.0000,0.0019,N/A
2026-08-24T10:01:57.270979,2026-08-24T10:01:58.293606,100,881.61,489.49,593.78,,1159.05,323.98,753.81,0.11,0.20,0.17,,0.09,0.31,0.13,0.0011,0.0020,0.0017,,0.0008,0.0031,0.0013,N/A,N/A,N/A,,0.0000,0.0024,N/A
2026-08-24T10:01:58.293703,2026-08-24T10:01:59.222807,100,861.83,637.56,548.81,,1061.87,411.00,774.50,0.12,0.16,0.18,,0.09,0.24,0.13,0.0011,0.0016,0.0018,,0.0009,0.0024,0.0013,N/A,N/A,N/A,,0.0000,0.0019,N/A
2026-08-24T10:01:59.222991,2026-08-24T10:02:00.265720,100,866.30,422.89,544.35,,1111.81,362.62,777.49,0.12,0.24,0.18,,0.09,0.28,0.13,0.0011,0.0023,0.0018,,0.0009,0.0028,0.0013,N/A,N/A,N/A,,0.0000,0.0021,N/A
2026-08-24T10:02:00.265896,2026-08-24T10:02:01.321868,100,869.70,437.87,570.91,,1152.76,324.45,763.37,0.11,0.23,0.18,,0.09,0.31,0.13,0.0011,0.0023,0.0017,,0.0008,0.0031,0.0013,N/A,N/A,N/A,,0.0000,0.0024,N/A
2026-08-24T10:02:01.322207,2026-08-24T10:02:02.352808,100,792.56,506.80,501.14,,1095.71,362.10,757.66,0.13,0.20,0.20,,0.09,0.28,0.13,0.0012,0.0020,0.0020,,0.0009,0.0028,0.0013,N/A,N/A,N/A,,0.0000,0.0021,N/A
2026-08-24T10:02:02.353048,2026-08-24T10:02:03.390896,100,990.51,514.69,463.59,,1032.27,341.09,773.44,0.10,0.19,0.22,,0.10,0.29,0.13,0.0009,0.0019,0.0021,,0.0009,0.0029,0.0013,N/A,N/A,N/A,,0.0000,0.0023,N/A
2026-08-24T10:02:03.391065,2026-08-24T10:02:04.478888,100,701.70,507.37,519.86,,1134.40,304.75,757.59,0.14,0.20,0.19,,0.09,0.33,0.13,0.0013,0.0020,0.0019,,0.0008,0.0033,0.0013,N/A,N/A,N/A,,0.0000,0.0025,N/A
2026-08-24T10:02:04.479152,2026-08-24T10:02:05.551454,100,817.61,470.63,564.30,,984.78,322.57,716.37,0.12,0.21,0.18,,0.10,0.31,0.14,0.0012,0.0021,0.0017,,0.0010,0.0031,0.0014,N/A,N/A,N/A,,0.0000,0.0024,N/A
2026-08-24T10:02:05.551628,2026-08-24T10:02:07.025548,100,440.37,553.90,380.86,,523.54,274.09,422.35,0.23,0.18,0.26,,0.19,0.36,0.24,0.0021,0.0018,0.0026,,0.0018,0.0036,0.0024,N/A,N/A,N/A,,0.0000,0.0028,N/A
2026-08-24T10:02:07.025836,2026-08-24T10:02:08.674034,100,444.81,314.53,350.65,,570.80,263.62,393.98,0.22,0.32,0.29,,0.18,0.38,0.25,0.0021,0.0032,0.0028,,0.0017,0.0038,0.0025,N/A,N/A,N/A,,0.0000,0.0029,N/A
2026-08-24T10:02:08.674192,2026-08-24T10:02:10.052806,100,586.20,412.39,410.79,,608.45,301.32,472.17,0.17,0.24,0.24,,0.16,0.33,0.21,0.0016,0.0024,0.0024,,0.0016,0.0033,0.0021,N/A,N/A,N/A,,0.0000,0.0026,N/A
2026-08-24T10:02:10.053181,2026-08-24T10:02:11.691987,100,412.59,304.83,351.27,,590.77,293.98,385.76,0.24,0.33,0.28,,0.17,0.34,0.26,0.0023,0.0033,0.0028,,0.0016,0.0034,0.0026,N/A,N/A,N/A,,0.0000,0.0026,N/A
2026-08-24T10:02:11.692281,2026-08-24T10:02:13.201981,100,440.03,410.17,378.25,,593.64,283.93,418.46,0.23,0.24,0.26,,0.17,0.35,0.24,0.0021,0.0024,0.0026,,0.0016,0.0035,0.0024,N/A,N/A,N/A,,0.0000,0.0027,N/A
2026-08-24T10:02:13.202267,2026-08-24T10:02:14.954263,100,389.89,342.68,289.85,,511.21,246.07,417.66,0.26,0.29,0.35,,0.20,0.41,0.24,0.0024,0.0029,0.0034,,0.0019,0.0041,0.0024,N/A,N/A,N/A,,0.0000,0.0031,N/A
2026-08-24T10:02:14.954426,2026-08-24T10:02:16.910861,100,386.13,267.67,254.03,,556.15,250.41,299.09,0.26,0.37,0.39,,0.18,0.40,0.33,0.0024,0.0037,0.0039,,0.0017,0.0040,0.0033,N/A,N/A,N/A,,0.0000,0.0031,N/A
2026-08-24T10:02:16.911252,2026-08-24T10:02:18.406269,100,516.08,527.85,333.47,,567.29,271.97,393.62,0.19,0.19,0.30,,0.18,0.37,0.25,0.0018,0.0019,0.0030,,0.0017,0.0037,0.0025,N/A,N/A,N/A,,0.0000,0.0029,N/A
2026-08-24T10:02:18.406422,2026-08-24T10:02:19.927640,100,445.91,561.56,345.10,,624.81,246.73,398.84,0.22,0.18,0.29,,0.16,0.41,0.25,0.0021,0.0018,0.0029,,0.0015,0.0040,0.0025,N/A,N/A,N/A,,0.0000,0.0031,N/A
2026-08-24T10:02:19.927785,2026-08-24T10:02:21.433893,100,473.06,395.32,436.91,,578.93,262.02,401.48,0.21,0.25,0.23,,0.17,0.38,0.25,0.0020,0.0025,0.0023,,0.0017,0.0038,0.0025,N/A,N/A,N/A,,0.0000,0.0030,N/A
2026-08-24T10:02:21.434171,2026-08-24T10:02:22.951007,100,459.50,380.62,409.27,,659.04,255.18,425.12,0.22,0.26,0.24,,0.15,0.39,0.24,0.0020,0.0026,0.0024,,0.0014,0.0039,0.0024,N/A,N/A,N/A,,0.0000,0.0030,N/A
2026-08-24T10:02:22.951298,2026-08-24T10:02:24.577103,100,438.83,433.16,344.68,,576.10,242.78,360.61,0.23,0.23,0.29,,0.17,0.41,0.28,0.0021,0.0023,0.0028,,0.0017,0.0041,0.0028,N/A,N/A,N/A,,0.0000,0.0032,N/A
2026-08-24T10:02:24.577371,2026-08-24T10:02:26.097976,100,450.28,403.79,456.98,,572.94,250.52,410.75,0.22,0.25,0.22,,0.17,0.40,0.24,0.0021,0.0025,0.0022,,0.0017,0.0040,0.0024,N/A,N/A,N/A,,0.0000,0.0031,N/A
2026-08-24T10:02:26.098302,2026-08-24T10:02:27.644104,100,472.67,368.33,419.91,,718.11,250.74,365.77,0.21,0.27,0.24,,0.14,0.40,0.27,0.0020,0.0027,0.0023,,0.0013,0.0040,0.0027,N/A,N/A,N/A,,0.0000,0.0031,N/A
2026-08-24T10:02:27.644253,2026-08-24T10:02:29.293423,100,439.04,364.57,386.86,,594.71,236.98,354.02,0.23,0.27,0.26,,0.17,0.42,0.28,0.0021,0.0027,0.0025,,0.0016,0.0042,0.0028,N/A,N/A,N/A,,0.0000,0.0033,N/A
2026-08-24T10:02:29.293682,2026-08-24T10:02:30.929679,100,440.64,376.25,340.66,,573.33,245.06,395.89,0.23,0.27,0.29,,0.17,0.41,0.25,0.0021,0.0026,0.0029,,0.0017,0.0041,0.0025,N/A,N/A,N/A,,0.0000,0.0032,N/A
2026-08-24T10:02:30.929851,2026-08-24T10:02:32.559704,100,390.74,390.37,315.27,,722.91,238.25,438.02,0.26,0.26,0.32,,0.14,0.42,0.23,0.0024,0.0025,0.0031,,0.0013,0.0042,0.0023,N/A,N/A,N/A,,0.0000,0.0032,N/A
2026-08-24T10:02:32.559985,2026-08-24T10:02:34.223212,100,435.34,326.04,351.72,,661.06,237.22,395.08,0.23,0.31,0.28,,0.15,0.42,0.25,0.0022,0.0030,0.0028,,0.0014,0.0042,0.0025,N/A,N/A,N/A,,0.0000,0.0032,N/A
2026-08-24T10:02:34.223508,2026-08-24T10:02:35.681548,100,453.96,431.13,394.73,,552.85,250.44,616.10,0.22,0.23,0.25,,0.18,0.40,0.16,0.0021,0.0023,0.0025,,0.0017,0.0040,0.0016,N/A,N/A,N/A,,0.0000,0.0031,N/A
2026-08-24T10:02:35.681843,2026-08-24T10:02:37.287089,100,457.98,363.87,347.31,,542.54,273.81,384.12,0.22,0.27,0.29,,0.18,0.37,0.26,0.0021,0.0027,0.0028,,0.0018,0.0036,0.0026,N/A,N/A,N/A,,0.0000,0.0028,N/A
2026-08-24T10:02:37.287394,2026-08-24T10:02:38.489234,100,770.68,471.90,379.76,,893.28,288.07,768.25,0.13,0.21,0.26,,0.11,0.35,0.13,0.0012,0.0021,0.0026,,0.0011,0.0035,0.0013,N/A,N/A,N/A,,0.0000,0.0027,N/A
2026-08-24T10:02:38.489532,2026-08-24T10:02:39.672923,100,581.73,617.63,469.94,,1199.50,252.81,663.66,0.17,0.16,0.21,,0.08,0.40,0.15,0.0016,0.0016,0.0021,,0.0008,0.0040,0.0015,N/A,N/A,N/A,,0.0000,0.0030,N/A
2026-08-24T10:02:39.673094,2026-08-24T10:02:40.869785,100,646.28,407.34,571.12,,1177.71,259.56,702.57,0.15,0.25,0.18,,0.08,0.39,0.14,0.0014,0.0024,0.0017,,0.0008,0.0038,0.0014,N/A,N/A,N/A,,0.0000,0.0029,N/A
2026-08-24T10:02:40.869993,2026-08-24T10:02:42.008916,100,744.03,548.09,274.83,,1216.24,409.72,811.89,0.13,0.18,0.36,,0.08,0.24,0.12,0.0013,0.0018,0.0036,,0.0008,0.0024,0.0012,N/A,N/A,N/A,,0.0000,0.0019,N/A
2026-08-24T10:02:42.009081,2026-08-24T10:02:43.044590,100,942.44,385.24,583.45,,1147.80,368.98,779.29,0.11,0.26,0.17,,0.09,0.27,0.13,0.0010,0.0026,0.0017,,0.0008,0.0027,0.0013,N/A,N/A,N/A,,0.0000,0.0021,N/A
2026-08-24T10:02:43.044665,2026-08-24T10:02:44.054170,100,832.72,463.44,565.16,,1086.25,356.38,852.09,0.12,0.22,0.18,,0.09,0.28,0.12,0.0011,0.0021,0.0017,,0.0009,0.0028,0.0012,N/A,N/A,N/A,,0.0000,0.0022,N/A
2026-08-24T10:02:44.054426,2026-08-24T10:02:45.047110,100,878.34,586.43,463.42,,1091.32,372.26,812.51,0.11,0.17,0.22,,0.09,0.27,0.12,0.0011,0.0017,0.0021,,0.0009,0.0027,0.0012,N/A,N/A,N/A,,0.0000,0.0021,N/A
2026-08-24T10:02:45.047300,2026-08-24T10:02:46.041944,100,856.67,510.88,581.56,,1135.33,344.35,817.93,0.12,0.20,0.17,,0.09,0.29,0.12,0.0011,0.0019,0.0017,,0.0008,0.0029,0.0012,N/A,N/A,N/A,,0.0000,0.0022,N/A
2026-08-24T10:02:46.042122,2026-08-24T10:02:47.060043,100,882.52,584.06,548.15,,1044.56,324.73,744.16,0.11,0.17,0.18,,0.10,0.31,0.13,0.0011,0.0017,0.0018,,0.0009,0.0031,0.0013,N/A,N/A,N/A,,0.0000,0.0024,N/A
2026-08-24T10:02:47.060195,2026-08-24T10:02:48.141093,100,887.61,353.40,462.79,,1051.72,418.64,795.28,0.11,0.28,0.22,,0.10,0.24,0.13,0.0011,0.0028,0.0021,,0.0009,0.0024,0.0013,N/A,N/A,N/A,,0.0000,0.0018,N/A
2026-08-24T10:02:48.141304,2026-08-24T10:02:49.224873,100,899.42,453.84,463.21,,1148.07,323.33,773.16,0.11,0.22,0.22,,0.09,0.31,0.13,0.0010,0.0022,0.0021,,0.0008,0.0031,0.0013,N/A,N/A,N/A,,0.0000,0.0024,N/A
2026-08-24T10:02:49.225260,2026-08-24T10:02:50.529362,100,705.03,359.79,476.04,,983.38,241.10,672.15,0.14,0.28,0.21,,0.10,0.41,0.15,0.0013,0.0028,0.0021,,0.0010,0.0041,0.0015,N/A,N/A,N/A,,0.0000,0.0032,N/A
2026-08-24T10:02:50.529617,2026-08-24T10:02:51.789899,100,693.26,327.45,435.44,,967.02,329.29,604.21,0.14,0.31,0.23,,0.10,0.30,0.17,0.0014,0.0030,0.0023,,0.0010,0.0030,0.0017,N/A,N/A,N/A,,0.0000,0.0024,N/A
2026-08-24T10:02:51.790127,2026-08-24T10:02:52.945612,100,855.24,422.47,495.59,,1023.96,270.97,798.13,0.12,0.24,0.20,,0.10,0.37,0.13,0.0011,0.0024,0.0020,,0.0009,0.0037,0.0013,N/A,N/A,N/A,,0.0000,0.0028,N/A
2026-08-24T10:02:52.945788,2026-08-24T10:02:54.154396,100,844.27,411.90,473.97,,1104.18,288.04,526.27,0.12,0.24,0.21,,0.09,0.35,0.19,0.0011,0.0024,0.0021,,0.0009,0.0035,0.0019,N/A,N/A,N/A,,0.0000,0.0027,N/A
2026-08-24T10:02:54.154620,2026-08-24T10:02:55.465845,100,861.10,387.09,422.28,,1085.20,232.95,612.66,0.12,0.26,0.24,,0.09,0.43,0.16,0.0011,0.0026,0.0023,,0.0009,0.0043,0.0016,N/A,N/A,N/A,,0.0000,0.0033,N/A
2026-08-24T10:02:55.466027,2026-08-24T10:02:56.522512,100,705.70,567.52,492.31,,1160.10,317.29,797.12,0.14,0.18,0.20,,0.09,0.32,0.13,0.0013,0.0017,0.0020,,0.0008,0.0031,0.0013,N/A,N/A,N/A,,0.0000,0.0024,N/A
2026-08-24T10:02:56.522690,2026-08-24T10:02:57.742010,100,872.97,300.54,407.39,,1206.58,323.58,808.69,0.11,0.33,0.25,,0.08,0.31,0.12,0.0011,0.0033,0.0024,,0.0008,0.0031,0.0012,N/A,N/A,N/A,,0.0000,0.0024,N/A
2026-08-24T10:02:57.742304,2026-08-24T10:02:58.735201,100,671.17,511.06,508.93,,1127.03,461.86,728.71,0.15,0.20,0.20,,0.09,0.22,0.14,0.0014,0.0019,0.0019,,0.0008,0.0022,0.0014,N/A,N/A,N/A,,0.0000,0.0017,N/A
2026-08-24T10:02:58.735412,2026-08-24T10:02:59.747889,100,605.22,384.72,649.52,,1105.68,471.64,818.97,0.17,0.26,0.15,,0.09,0.21,0.12,0.0015,0.0026,0.0015,,0.0009,0.0021,0.0012,N/A,N/A,N/A,,0.0000,0.0017,N/A
2026-08-24T10:02:59.748355,2026-08-24T10:03:00.835791,100,869.27,393.76,485.95,,1138.83,440.25,531.44,0.12,0.25,0.21,,0.09,0.23,0.19,0.0011,0.0025,0.0020,,0.0008,0.0023,0.0019,N/A,N/A,N/A,,0.0000,0.0018,N/A
2026-08-24T10:41:17.119382,2026-08-24T10:41:18.152202,100,913.63,547.05,668.58,664.43,1209.93,443.83,810.09,0.11,0.18,0.15,0.15,0.08,0.23,0.12,0.0010,0.0018,0.0015,0.0015,0.0008,0.0023,0.0012,N/A,N/A,N/A,0.0013,0.0000,0.0018,N/A
2026-08-24T10:41:18.152387,2026-08-24T10:41:19.223839,100,918.01,502.26,522.28,647.26,1268.00,473.01,840.93,0.11,0.20,0.19,0.15,0.08,0.21,0.12,0.0010,0.0020,0.0019,0.0015,0.0008,0.0021,0.0012,N/A,N/A,N/A,0.0014,0.0000,0.0017,N/A
2026-08-24T10:41:19.224011,2026-08-24T10:41:20.439365,100,830.50,683.07,463.36,617.65,1194.38,298.81,696.60,0.12,0.15,0.22,0.16,0.08,0.33,0.14,0.0011,0.0015,0.0021,0.0016,0.0008,0.0033,0.0014,N/A,N/A,N/A,0.0014,0.0000,0.0026,N/A
2026-08-24T10:41:20.439560,2026-08-24T10:41:21.588683,100,932.93,488.33,592.86,662.09,1189.59,334.70,798.37,0.11,0.20,0.17,0.15,0.08,0.30,0.13,0.0010,0.0020,0.0016,0.0015,0.0008,0.0030,0.0013,N/A,N/A,N/A,0.0013,0.0000,0.0023,N/A
2026-08-24T10:41:21.589024,2026-08-24T10:41:22.759379,100,903.60,506.28,547.22,616.33,1185.11,348.79,749.58,0.11,0.20,0.18,0.16,0.08,0.29,0.13,0.0010,0.0020,0.0018,0.0016,0.0008,0.0029,0.0013,N/A,N/A,N/A,0.0014,0.0000,0.0022,N/A
2026-08-24T10:41:22.759549,2026-08-24T10:41:23.937451,100,866.45,464.40,537.42,655.15,1087.83,357.80,776.18,0.12,0.22,0.19,0.15,0.09,0.28,0.13,0.0011,0.0021,0.0018,0.0015,0.0009,0.0028,0.0013,N/A,N/A,N/A,0.0013,0.0000,0.0022,N/A
2026-08-24T10:41:23.937663,2026-08-24T10:41:25.112377,100,868.89,431.59,527.83,649.60,1181.75,374.36,795.79,0.12,0.23,0.19,0.15,0.08,0.27,0.13,0.0011,0.0023,0.0019,0.0015,0.0008,0.0027,0.0013,N/A,N/A,N/A,0.0013,0.0000,0.0021,N/A
2026-08-24T10:41:25.112567,2026-08-24T10:41:26.374689,100,904.34,373.30,450.55,573.87,1136.69,378.03,786.98,0.11,0.27,0.22,0.17,0.09,0.26,0.13,0.0010,0.0027,0.0022,0.0017,0.0008,0.0026,0.0013,N/A,N/A,N/A,0.0015,0.0000,0.0021,N/A
2026-08-24T10:41:26.374919,2026-08-24T10:41:27.535280,100,926.04,469.10,493.81,672.42,1182.78,375.62,776.44,0.11,0.21,0.20,0.15,0.08,0.27,0.13,0.0010,0.0021,0.0020,0.0015,0.0008,0.0027,0.0013,N/A,N/A,N/A,0.0013,0.0000,0.0021,N/A
2026-08-24T10:41:27.535485,2026-08-24T10:41:28.757311,100,921.25,420.01,511.55,680.77,1145.03,332.37,759.06,0.11,0.24,0.20,0.15,0.09,0.30,0.13,0.0010,0.0024,0.0019,0.0015,0.0008,0.0030,0.0013,N/A,N/A,N/A,0.0013,0.0000,0.0024,N/A
2026-08-24T10:41:28.757497,2026-08-24T10:41:29.978114,100,903.44,470.74,537.72,664.54,1151.75,303.50,739.36,0.11,0.21,0.19,0.15,0.09,0.33,0.14,0.0010,0.0021,0.0018,0.0015,0.0008,0.0033,0.0014,N/A,N/A,N/A,0.0013,0.0000,0.0025,N/A
2026-08-24T10:41:29.978369,2026-08-24T10:41:31.280167,100,752.56,342.73,555.24,565.97,1217.55,335.66,773.82,0.13,0.29,0.18,0.18,0.08,0.30,0.13,0.0012,0.0029,0.0018,0.0018,0.0008,0.0030,0.0013,N/A,N/A,N/A,0.0015,0.0000,0.0023,N/A
2026-08-24T10:41:31.280513,2026-08-24T10:41:32.769800,100,758.63,343.40,553.66,465.15,1508.09,221.26,708.71,0.13,0.29,0.18,0.21,0.07,0.45,0.14,0.0012,0.0029,0.0018,0.0021,0.0006,0.0045,0.0014,N/A,N/A,N/A,0.0019,0.0000,0.0034,N/A
2026-08-24T10:41:32.770003,2026-08-24T10:41:34.426603,100,504.65,335.83,375.79,390.70,965.00,330.25,450.43,0.20,0.30,0.27,0.26,0.10,0.30,0.22,0.0019,0.0030,0.0026,0.0026,0.0010,0.0030,0.0022,N/A,N/A,N/A,0.0022,0.0000,0.0023,N/A
2026-08-24T10:41:34.426912,2026-08-24T10:41:35.874569,100,923.26,342.55,445.64,501.65,1100.14,266.85,679.23,0.11,0.29,0.22,0.20,0.09,0.37,0.15,0.0010,0.0029,0.0022,0.0020,0.0009,0.0037,0.0015,N/A,N/A,N/A,0.0017,0.0000,0.0029,N/A
2026-08-24T10:41:35.874753,2026-08-24T10:41:37.185785,100,912.59,409.56,460.51,518.41,1253.38,310.82,735.44,0.11,0.24,0.22,0.19,0.08,0.32,0.14,0.0010,0.0024,0.0021,0.0019,0.0008,0.0032,0.0014,N/A,N/A,N/A,0.0017,0.0000,0.0025,N/A
2026-08-24T10:41:37.185982,2026-08-24T10:41:38.298594,100,988.45,614.84,496.92,693.66,1165.82,366.78,731.59,0.10,0.16,0.20,0.14,0.09,0.27,0.14,0.0009,0.0016,0.0020,0.0014,0.0008,0.0027,0.0014,N/A,N/A,N/A,0.0013,0.0000,0.0021,N/A
2026-08-24T10:41:38.298782,2026-08-24T10:41:39.318018,100,926.36,477.66,757.22,678.61,1168.36,468.83,856.83,0.11,0.21,0.13,0.15,0.09,0.21,0.12,0.0010,0.0021,0.0013,0.0015,0.0008,0.0021,0.0012,N/A,N/A,N/A,0.0013,0.0000,0.0017,N/A
2026-08-24T10:41:39.318209,2026-08-24T10:41:40.454478,100,900.42,470.51,519.26,656.49,1168.61,432.68,699.02,0.11,0.21,0.19,0.15,0.09,0.23,0.14,0.0010,0.0021,0.0019,0.0015,0.0008,0.0023,0.0014,N/A,N/A,N/A,0.0013,0.0000,0.0018,N/A
2026-08-24T10:41:40.454681,2026-08-24T10:41:41.983303,100,464.12,401.19,332.17,444.29,619.53,452.36,693.27,0.22,0.25,0.30,0.23,0.16,0.22,0.14,0.0020,0.0025,0.0030,0.0022,0.0015,0.0022,0.0014,N/A,N/A,N/A,0.0020,0.0000,0.0017,N/A
2026-08-24T10:41:41.983465,2026-08-24T10:41:43.792676,100,544.94,398.98,312.01,376.90,629.63,272.16,405.37,0.18,0.25,0.32,0.27,0.16,0.37,0.25,0.0017,0.0025,0.0032,0.0026,0.0015,0.0037,0.0025,N/A,N/A,N/A,0.0023,0.0000,0.0028,N/A
2026-08-24T10:41:43.792934,2026-08-24T10:41:45.458411,100,495.46,324.95,444.26,360.83,544.68,299.79,810.73,0.20,0.31,0.23,0.28,0.18,0.33,0.12,0.0019,0.0031,0.0022,0.0028,0.0018,0.0033,0.0012,N/A,N/A,N/A,0.0024,0.0000,0.0026,N/A
2026-08-24T10:41:45.458979,2026-08-24T10:41:47.044302,100,576.52,374.64,437.21,387.69,819.26,356.98,406.97,0.17,0.27,0.23,0.26,0.12,0.28,0.25,0.0016,0.0026,0.0022,0.0026,0.0012,0.0028,0.0025,N/A,N/A,N/A,0.0022,0.0000,0.0022,N/A
2026-08-24T10:41:47.044461,2026-08-24T10:41:48.891318,100,547.98,324.57,380.96,327.10,578.37,263.36,443.81,0.18,0.31,0.26,0.31,0.17,0.38,0.23,0.0017,0.0031,0.0026,0.0030,0.0017,0.0038,0.0023,N/A,N/A,N/A,0.0026,0.0000,0.0029,N/A
2026-08-24T10:41:48.891530,2026-08-24T10:41:50.554982,100,609.40,425.60,475.30,388.18,627.94,277.53,381.41,0.16,0.23,0.21,0.26,0.16,0.36,0.26,0.0015,0.0023,0.0021,0.0026,0.0015,0.0036,0.0026,N/A,N/A,N/A,0.0022,0.0000,0.0028,N/A
2026-08-24T10:41:50.555300,2026-08-24T10:41:52.242653,100,442.88,451.60,342.92,430.00,882.76,267.01,468.69,0.23,0.22,0.29,0.23,0.11,0.37,0.21,0.0021,0.0022,0.0029,0.0023,0.0011,0.0037,0.0021,N/A,N/A,N/A,0.0020,0.0000,0.0029,N/A
2026-08-24T10:41:52.242858,2026-08-24T10:41:53.917839,100,480.81,388.09,497.96,349.59,686.53,305.65,416.50,0.21,0.26,0.20,0.29,0.15,0.33,0.24,0.0019,0.0026,0.0020,0.0029,0.0014,0.0033,0.0024,N/A,N/A,N/A,0.0025,0.0000,0.0026,N/A
2026-08-24T10:41:53.918088,2026-08-24T10:41:55.804797,100,541.52,318.89,417.17,311.13,605.38,245.29,415.81,0.18,0.31,0.24,0.32,0.17,0.41,0.24,0.0017,0.0031,0.0024,0.0032,0.0016,0.0041,0.0024,N/A,N/A,N/A,0.0028,0.0000,0.0032,N/A
2026-08-24T10:41:55.805032,2026-08-24T10:41:57.472141,100,474.59,438.20,440.74,352.51,689.74,268.51,530.32,0.21,0.23,0.23,0.28,0.14,0.37,0.19,0.0020,0.0023,0.0022,0.0028,0.0014,0.0037,0.0019,N/A,N/A,N/A,0.0025,0.0000,0.0029,N/A
2026-08-24T10:41:57.472311,2026-08-24T10:41:59.162134,100,475.80,410.92,376.22,365.98,617.30,294.40,536.10,0.21,0.24,0.27,0.27,0.16,0.34,0.19,0.0020,0.0024,0.0026,0.0027,0.0015,0.0034,0.0019,N/A,N/A,N/A,0.0024,0.0000,0.0026,N/A
2026-08-24T10:41:59.162437,2026-08-24T10:42:00.872393,100,479.14,522.67,411.51,363.31,657.62,242.24,474.74,0.21,0.19,0.24,0.28,0.15,0.41,0.21,0.0019,0.0019,0.0024,0.0027,0.0015,0.0041,0.0021,N/A,N/A,N/A,0.0024,0.0000,0.0032,N/A
2026-08-24T10:42:00.872676,2026-08-24T10:42:02.172127,100,659.23,458.26,604.99,647.39,1240.96,388.25,382.30,0.15,0.22,0.17,0.15,0.08,0.26,0.26,0.0014,0.0022,0.0016,0.0015,0.0008,0.0026,0.0026,N/A,N/A,N/A,0.0013,0.0000,0.0020,N/A
2026-08-24T10:42:02.172409,2026-08-24T10:42:03.875172,100,466.84,311.56,371.88,331.40,1175.52,355.87,463.40,0.21,0.32,0.27,0.30,0.09,0.28,0.22,0.0020,0.0032,0.0027,0.0030,0.0008,0.0028,0.0022,N/A,N/A,N/A,0.0026,0.0000,0.0022,N/A
2026-08-24T10:42:03.875368,2026-08-24T10:42:05.163248,100,817.62,321.92,459.37,680.55,1015.69,407.33,748.85,0.12,0.31,0.22,0.15,0.10,0.25,0.13,0.0011,0.0031,0.0021,0.0015,0.0009,0.0025,0.0013,N/A,N/A,N/A,0.0013,0.0000,0.0019,N/A
2026-08-24T10:42:05.163579,2026-08-24T10:42:06.874011,100,459.50,454.96,388.93,328.02,637.77,330.83,412.50,0.22,0.22,0.26,0.30,0.16,0.30,0.24,0.0020,0.0022,0.0025,0.0030,0.0015,0.0030,0.0024,N/A,N/A,N/A,0.0026,0.0000,0.0024,N/A
2026-08-24T10:42:06.874410,2026-08-24T10:42:08.429756,100,420.53,476.04,479.49,356.49,506.71,475.89,508.71,0.24,0.21,0.21,0.28,0.20,0.21,0.20,0.0022,0.0021,0.0021,0.0028,0.0019,0.0021,0.0020,N/A,N/A,N/A,0.0024,0.0000,0.0016,N/A
2026-08-24T10:42:08.430154,2026-08-24T10:42:09.640983,100,852.81,382.62,397.53,663.51,1227.04,462.23,848.20,0.12,0.26,0.25,0.15,0.08,0.22,0.12,0.0011,0.0026,0.0025,0.0015,0.0008,0.0022,0.0012,N/A,N/A,N/A,0.0013,0.0000,0.0017,N/A
2026-08-24T10:42:09.641229,2026-08-24T10:42:11.147554,100,519.81,309.42,507.21,696.18,1238.83,241.45,688.61,0.19,0.32,0.20,0.14,0.08,0.41,0.15,0.0018,0.0032,0.0019,0.0014,0.0008,0.0041,0.0015,N/A,N/A,N/A,0.0013,0.0000,0.0032,N/A
2026-08-24T10:42:11.147712,2026-08-24T10:42:13.006758,100,441.36,450.04,440.50,231.24,839.08,260.26,430.32,0.23,0.22,0.23,0.43,0.12,0.38,0.23,0.0021,0.0022,0.0022,0.0043,0.0011,0.0038,0.0023,N/A,N/A,N/A,0.0037,0.0000,0.0030,N/A
2026-08-24T10:42:13.007315,2026-08-24T10:42:15.134134,100,470.89,309.93,306.93,331.73,465.94,232.70,334.39,0.21,0.32,0.33,0.30,0.21,0.43,0.30,0.0020,0.0032,0.0032,0.0030,0.0020,0.0043,0.0030,N/A,N/A,N/A,0.0026,0.0000,0.0033,N/A
2026-08-24T10:42:15.134329,2026-08-24T10:42:17.001433,100,426.93,308.96,434.78,329.98,576.33,286.94,417.46,0.23,0.32,0.23,0.30,0.17,0.35,0.24,0.0022,0.0032,0.0023,0.0030,0.0017,0.0035,0.0024,N/A,N/A,N/A,0.0026,0.0000,0.0027,N/A
2026-08-24T10:42:17.001850,2026-08-24T10:42:18.966759,100,429.26,276.37,443.45,339.58,574.28,248.11,387.42,0.23,0.36,0.23,0.29,0.17,0.40,0.26,0.0022,0.0036,0.0022,0.0029,0.0017,0.0040,0.0026,N/A,N/A,N/A,0.0025,0.0000,0.0031,N/A
2026-08-24T10:42:18.967002,2026-08-24T10:42:20.834338,100,493.19,378.92,367.46,343.15,613.96,240.75,410.05,0.20,0.26,0.27,0.29,0.16,0.42,0.24,0.0019,0.0026,0.0027,0.0029,0.0016,0.0041,0.0024,N/A,N/A,N/A,0.0025,0.0000,0.0032,N/A
2026-08-24T10:42:20.834533,2026-08-24T10:42:23.175348,100,325.71,377.75,259.59,320.60,347.42,216.05,331.10,0.31,0.26,0.39,0.31,0.29,0.46,0.30,0.0029,0.0026,0.0038,0.0031,0.0028,0.0046,0.0030,N/A,N/A,N/A,0.0027,0.0000,0.0036,N/A
2026-08-24T10:42:23.175727,2026-08-24T10:42:25.035839,100,464.31,409.74,408.66,345.03,505.78,240.92,420.77,0.22,0.24,0.24,0.29,0.20,0.42,0.24,0.0020,0.0024,0.0024,0.0029,0.0019,0.0041,0.0024,N/A,N/A,N/A,0.0025,0.0000,0.0032,N/A
2026-08-24T10:42:25.036217,2026-08-24T10:42:26.524636,100,562.27,497.78,588.56,334.51,602.96,470.66,398.21,0.18,0.20,0.17,0.30,0.17,0.21,0.25,0.0017,0.0020,0.0017,0.0030,0.0016,0.0021,0.0025,N/A,N/A,N/A,0.0026,0.0000,0.0017,N/A
2026-08-24T10:42:26.524826,2026-08-24T10:42:27.610393,100,864.51,532.75,577.90,632.46,1209.96,417.81,823.98,0.12,0.19,0.17,0.16,0.08,0.24,0.12,0.0011,0.0019,0.0017,0.0016,0.0008,0.0024,0.0012,N/A,N/A,N/A,0.0014,0.0000,0.0019,N/A
2026-08-24T10:42:27.610556,2026-08-24T10:42:29.007959,100,905.22,372.44,555.30,386.46,1170.22,279.99,780.60,0.11,0.27,0.18,0.26,0.09,0.36,0.13,0.0010,0.0027,0.0018,0.0026,0.0008,0.0036,0.0013,N/A,N/A,N/A,0.0022,0.0000,0.0028,N/A
2026-08-24T10:42:29.008132,2026-08-24T10:42:30.558826,100,460.67,447.05,495.05,500.21,1189.77,263.53,425.19,0.22,0.22,0.20,0.20,0.08,0.38,0.24,0.0020,0.0022,0.0020,0.0020,0.0008,0.0038,0.0024,N/A,N/A,N/A,0.0017,0.0000,0.0030,N/A
2026-08-24T10:42:30.559047,2026-08-24T10:42:32.226492,100,544.43,337.55,506.51,324.54,574.29,286.16,681.74,0.18,0.30,0.20,0.31,0.17,0.35,0.15,0.0017,0.0029,0.0019,0.0031,0.0017,0.0035,0.0015,N/A,N/A,N/A,0.0027,0.0000,0.0027,N/A
2026-08-24T10:42:32.226834,2026-08-24T10:42:33.920673,100,495.70,410.07,390.82,406.33,585.26,289.30,463.39,0.20,0.24,0.26,0.25,0.17,0.35,0.22,0.0019,0.0024,0.0025,0.0025,0.0016,0.0035,0.0022,N/A,N/A,N/A,0.0021,0.0000,0.0027,N/A
2026-08-24T10:42:33.921041,2026-08-24T10:42:35.785313,100,442.02,312.18,378.35,370.17,714.01,256.25,420.32,0.23,0.32,0.26,0.27,0.14,0.39,0.24,0.0021,0.0032,0.0026,0.0027,0.0013,0.0039,0.0024,N/A,N/A,N/A,0.0024,0.0000,0.0030,N/A
2026-08-24T10:42:35.785494,2026-08-24T10:42:37.512815,100,736.73,467.47,252.67,357.40,543.86,330.03,500.22,0.14,0.21,0.40,0.28,0.18,0.30,0.20,0.0013,0.0021,0.0039,0.0028,0.0018,0.0030,0.0020,N/A,N/A,N/A,0.0024,0.0000,0.0024,N/A
2026-08-24T10:42:37.512982,2026-08-24T10:42:39.083721,100,463.37,335.00,382.78,416.39,967.36,437.90,470.59,0.22,0.30,0.26,0.24,0.10,0.23,0.21,0.0020,0.0030,0.0026,0.0024,0.0010,0.0023,0.0021,N/A,N/A,N/A,0.0021,0.0000,0.0018,N/A
2026-08-24T10:42:39.083966,2026-08-24T10:42:40.559913,100,916.00,368.84,441.59,536.89,651.58,269.87,696.68,0.11,0.27,0.23,0.19,0.15,0.37,0.14,0.0010,0.0027,0.0022,0.0019,0.0015,0.0037,0.0014,N/A,N/A,N/A,0.0016,0.0000,0.0029,N/A
2026-08-24T10:42:40.560110,2026-08-24T10:42:41.962104,100,454.54,541.25,515.15,652.78,731.25,278.19,716.86,0.22,0.18,0.19,0.15,0.14,0.36,0.14,0.0021,0.0018,0.0019,0.0015,0.0013,0.0036,0.0014,N/A,N/A,N/A,0.0013,0.0000,0.0028,N/A
2026-08-24T10:42:41.962718,2026-08-24T10:42:43.880212,100,436.10,366.75,403.42,308.64,521.67,255.43,400.28,0.23,0.27,0.25,0.32,0.19,0.39,0.25,0.0022,0.0027,0.0024,0.0032,0.0018,0.0039,0.0025,N/A,N/A,N/A,0.0028,0.0000,0.0030,N/A
2026-08-24T10:42:43.880754,2026-08-24T10:42:45.566346,100,575.33,426.43,418.50,331.04,591.46,279.41,504.59,0.17,0.23,0.24,0.30,0.17,0.36,0.20,0.0016,0.0023,0.0024,0.0030,0.0016,0.0036,0.0020,N/A,N/A,N/A,0.0026,0.0000,0.0028,N/A
2026-08-24T10:42:45.566507,2026-08-24T10:42:47.192456,100,586.07,366.39,390.24,378.20,1257.10,264.04,527.49,0.17,0.27,0.26,0.26,0.08,0.38,0.19,0.0016,0.0027,0.0025,0.0026,0.0008,0.0038,0.0019,N/A,N/A,N/A,0.0023,0.0000,0.0029,N/A
2026-08-24T10:42:47.192840,2026-08-24T10:42:49.040052,100,421.75,331.81,504.54,297.70,623.58,284.84,394.91,0.24,0.30,0.20,0.34,0.16,0.35,0.25,0.0022,0.0030,0.0020,0.0033,0.0015,0.0035,0.0025,N/A,N/A,N/A,0.0029,0.0000,0.0027,N/A
2026-08-24T10:42:49.040457,2026-08-24T10:42:50.805569,100,474.37,422.45,453.50,420.72,572.92,255.41,359.66,0.21,0.24,0.22,0.24,0.17,0.39,0.28,0.0020,0.0024,0.0022,0.0024,0.0017,0.0039,0.0028,N/A,N/A,N/A,0.0021,0.0000,0.0030,N/A
2026-08-24T10:42:50.805747,2026-08-24T10:42:52.583299,100,568.91,353.20,417.40,322.75,590.25,320.19,360.12,0.18,0.28,0.24,0.31,0.17,0.31,0.28,0.0016,0.0028,0.0023,0.0031,0.0016,0.0031,0.0028,N/A,N/A,N/A,0.0027,0.0000,0.0024,N/A
2026-08-24T10:42:52.583466,2026-08-24T10:42:54.272069,100,479.51,388.25,409.58,355.03,1003.56,310.85,381.94,0.21,0.26,0.24,0.28,0.10,0.32,0.26,0.0020,0.0026,0.0024,0.0028,0.0010,0.0032,0.0026,N/A,N/A,N/A,0.0024,0.0000,0.0025,N/A
2026-08-24T10:42:54.272406,2026-08-24T10:42:55.959209,100,533.65,444.03,414.63,418.72,548.68,258.88,474.81,0.19,0.23,0.24,0.24,0.18,0.39,0.21,0.0018,0.0022,0.0024,0.0024,0.0017,0.0039,0.0021,N/A,N/A,N/A,0.0021,0.0000,0.0030,N/A
2026-08-24T10:42:55.959400,2026-08-24T10:42:57.505826,100,470.33,433.65,422.84,426.69,1213.20,272.58,577.51,0.21,0.23,0.24,0.23,0.08,0.37,0.17,0.0020,0.0023,0.0023,0.0023,0.0008,0.0037,0.0017,N/A,N/A,N/A,0.0020,0.0000,0.0029,N/A
2026-08-24T10:42:57.506061,2026-08-24T10:42:59.192262,100,464.94,323.90,410.51,425.76,563.89,343.16,494.12,0.22,0.31,0.24,0.23,0.18,0.29,0.20,0.0020,0.0031,0.0024,0.0023,0.0017,0.0029,0.0020,N/A,N/A,N/A,0.0020,0.0000,0.0023,N/A
2026-08-24T10:42:59.192599,2026-08-24T10:43:00.634726,100,924.91,393.44,629.37,488.31,532.42,350.60,436.61,0.11,0.25,0.16,0.20,0.19,0.29,0.23,0.0010,0.0025,0.0016,0.0020,0.0018,0.0028,0.0023,N/A,N/A,N/A,0.0018,0.0000,0.0022,N/A
2026-08-24T10:43:00.634903,2026-08-24T10:43:01.778832,100,742.92,404.16,504.42,686.75,1246.21,491.50,794.65,0.13,0.25,0.20,0.15,0.08,0.20,0.13,0.0013,0.0025,0.0020,0.0015,0.0008,0.0020,0.0013,N/A,N/A,N/A,0.0013,0.0000,0.0016,N/A
2026-08-24T10:43:01.779016,2026-08-24T10:43:02.863605,100,926.92,389.82,527.39,762.28,1270.33,499.33,898.35,0.11,0.26,0.19,0.13,0.08,0.20,0.11,0.0010,0.0025,0.0019,0.0013,0.0007,0.0020,0.0011,N/A,N/A,N/A,0.0011,0.0000,0.0015,N/A
2026-08-24T10:43:02.863809,2026-08-24T10:43:03.937571,100,963.37,379.19,470.58,771.91,1325.30,558.71,975.23,0.10,0.26,0.21,0.13,0.08,0.18,0.10,0.0010,0.0026,0.0021,0.0013,0.0007,0.0018,0.0010,N/A,N/A,N/A,0.0011,0.0000,0.0013,N/A
2026-08-24T10:43:03.937688,2026-08-24T10:43:04.904879,100,938.44,622.61,632.99,716.95,1300.13,502.64,847.22,0.11,0.16,0.16,0.14,0.08,0.20,0.12,0.0010,0.0016,0.0016,0.0014,0.0007,0.0020,0.0012,N/A,N/A,N/A,0.0012,0.0000,0.0015,N/A
2026-08-24T10:43:04.905053,2026-08-24T10:43:06.348829,100,1020.23,280.68,453.98,454.22,1043.49,326.38,746.14,0.10,0.36,0.22,0.22,0.10,0.31,0.13,0.0009,0.0035,0.0022,0.0022,0.0009,0.0031,0.0013,N/A,N/A,N/A,0.0019,0.0000,0.0024,N/A
2026-08-24T10:43:06.349056,2026-08-24T10:43:07.974519,100,545.32,356.30,369.05,368.97,741.69,288.66,828.60,0.18,0.28,0.27,0.27,0.13,0.35,0.12,0.0017,0.0028,0.0027,0.0027,0.0013,0.0035,0.0012,N/A,N/A,N/A,0.0024,0.0000,0.0027,N/A
2026-08-24T10:43:07.974998,2026-08-24T10:43:09.711705,100,566.44,463.47,463.62,334.97,580.73,240.32,434.82,0.18,0.22,0.22,0.30,0.17,0.42,0.23,0.0016,0.0021,0.0021,0.0030,0.0016,0.0042,0.0023,N/A,N/A,N/A,0.0026,0.0000,0.0032,N/A
2026-08-24T10:43:09.711988,2026-08-24T10:43:11.640484,100,416.44,399.02,351.70,318.71,516.25,247.64,438.94,0.24,0.25,0.28,0.31,0.19,0.40,0.23,0.0023,0.0025,0.0028,0.0031,0.0018,0.0040,0.0023,N/A,N/A,N/A,0.0027,0.0000,0.0031,N/A
2026-08-24T10:43:11.640551,2026-08-24T10:43:13.399179,100,685.30,347.69,335.86,432.15,564.19,286.61,392.67,0.15,0.29,0.30,0.23,0.18,0.35,0.25,0.0014,0.0029,0.0029,0.0023,0.0017,0.0035,0.0025,N/A,N/A,N/A,0.0020,0.0000,0.0027,N/A
2026-08-24T10:43:13.399321,2026-08-24T10:43:15.229227,100,402.68,452.80,399.58,330.49,503.47,252.89,491.14,0.25,0.22,0.25,0.30,0.20,0.40,0.20,0.0023,0.0022,0.0025,0.0030,0.0019,0.0040,0.0020,N/A,N/A,N/A,0.0026,0.0000,0.0031,N/A
2026-08-24T10:43:15.229567,2026-08-24T10:43:16.953837,100,458.63,356.58,474.28,363.64,746.97,274.98,437.70,0.22,0.28,0.21,0.27,0.13,0.36,0.23,0.0020,0.0028,0.0021,0.0027,0.0013,0.0036,0.0023,N/A,N/A,N/A,0.0024,0.0000,0.0028,N/A
2026-08-24T10:43:16.954012,2026-08-24T10:43:18.601960,100,504.53,378.66,394.43,352.27,880.75,326.60,470.34,0.20,0.26,0.25,0.28,0.11,0.31,0.21,0.0019,0.0026,0.0025,0.0028,0.0011,0.0031,0.0021,N/A,N/A,N/A,0.0025,0.0000,0.0024,N/A
2026-08-24T10:43:18.602184,2026-08-24T10:43:20.439743,100,511.05,411.39,329.63,399.39,543.12,253.56,402.11,0.20,0.24,0.30,0.25,0.18,0.39,0.25,0.0018,0.0024,0.0030,0.0025,0.0018,0.0039,0.0025,N/A,N/A,N/A,0.0022,0.0000,0.0030,N/A
2026-08-24T10:43:20.439995,2026-08-24T10:43:22.194204,100,469.12,387.68,454.59,354.08,694.31,261.03,417.49,0.21,0.26,0.22,0.28,0.14,0.38,0.24,0.0020,0.0026,0.0022,0.0028,0.0014,0.0038,0.0024,N/A,N/A,N/A,0.0025,0.0000,0.0030,N/A
2026-08-24T10:43:22.194716,2026-08-24T10:43:23.936999,100,436.28,492.12,361.59,444.92,816.75,246.02,378.72,0.23,0.20,0.28,0.22,0.12,0.41,0.26,0.0022,0.0020,0.0027,0.0022,0.0012,0.0041,0.0026,N/A,N/A,N/A,0.0020,0.0000,0.0031,N/A
2026-08-24T10:43:23.937218,2026-08-24T10:43:25.763641,100,535.77,416.18,352.39,377.86,542.05,244.71,405.74,0.19,0.24,0.28,0.26,0.18,0.41,0.25,0.0017,0.0024,0.0028,0.0026,0.0018,0.0041,0.0025,N/A,N/A,N/A,0.0023,0.0000,0.0032,N/A
2026-08-24T10:43:25.763829,2026-08-24T10:43:27.520793,100,527.73,352.50,421.94,412.48,689.25,251.42,405.39,0.19,0.28,0.24,0.24,0.15,0.40,0.25,0.0018,0.0028,0.0023,0.0024,0.0014,0.0040,0.0025,N/A,N/A,N/A,0.0021,0.0000,0.0031,N/A
2026-08-24T10:43:27.520995,2026-08-24T10:43:29.198980,100,412.04,515.20,388.73,353.48,915.24,282.83,442.06,0.24,0.19,0.26,0.28,0.11,0.35,0.23,0.0023,0.0019,0.0025,0.0028,0.0010,0.0035,0.0023,N/A,N/A,N/A,0.0025,0.0000,0.0028,N/A
2026-08-24T10:43:29.199548,2026-08-24T10:43:30.978902,100,471.51,377.66,393.86,333.76,533.79,280.83,514.18,0.21,0.26,0.25,0.30,0.19,0.36,0.19,0.0020,0.0026,0.0025,0.0030,0.0018,0.0036,0.0019,N/A,N/A,N/A,0.0026,0.0000,0.0028,N/A
2026-08-24T10:43:30.979288,2026-08-24T10:43:32.660902,100,458.24,414.07,398.97,386.78,1288.84,262.65,415.18,0.22,0.24,0.25,0.26,0.08,0.38,0.24,0.0020,0.0024,0.0025,0.0026,0.0007,0.0038,0.0024,N/A,N/A,N/A,0.0023,0.0000,0.0029,N/A
2026-08-24T10:43:32.660997,2026-08-24T10:43:34.494371,100,439.68,348.00,378.32,362.71,604.23,268.20,436.23,0.23,0.29,0.26,0.28,0.17,0.37,0.23,0.0021,0.0029,0.0026,0.0027,0.0016,0.0037,0.0023,N/A,N/A,N/A,0.0024,0.0000,0.0029,N/A
2026-08-24T10:43:34.494724,2026-08-24T10:43:36.272063,100,471.59,423.49,311.78,339.66,560.56,306.50,502.17,0.21,0.24,0.32,0.29,0.18,0.33,0.20,0.0020,0.0023,0.0032,0.0029,0.0017,0.0033,0.0020,N/A,N/A,N/A,0.0025,0.0000,0.0025,N/A
2026-08-24T10:43:36.272408,2026-08-24T10:43:38.048375,100,331.47,488.27,424.08,330.09,920.42,262.36,436.11,0.30,0.20,0.24,0.30,0.11,0.38,0.23,0.0028,0.0020,0.0023,0.0030,0.0010,0.0038,0.0023,N/A,N/A,N/A,0.0026,0.0000,0.0030,N/A
2026-08-24T10:43:38.048572,2026-08-24T10:43:39.730948,100,820.51,477.21,353.57,320.96,596.61,260.97,506.78,0.12,0.21,0.28,0.31,0.17,0.38,0.20,0.0011,0.0021,0.0028,0.0031,0.0016,0.0038,0.0020,N/A,N/A,N/A,0.0027,0.0000,0.0029,N/A
2026-08-24T10:43:39.731145,2026-08-24T10:43:41.585564,100,390.90,404.72,364.94,428.75,443.74,272.30,424.02,0.26,0.25,0.27,0.23,0.23,0.37,0.24,0.0024,0.0025,0.0027,0.0023,0.0022,0.0037,0.0024,N/A,N/A,N/A,0.0020,0.0000,0.0028,N/A
2026-08-24T10:43:41.585939,2026-08-24T10:43:43.335973,100,529.21,404.69,497.74,320.20,592.30,276.13,384.57,0.19,0.25,0.20,0.31,0.17,0.36,0.26,0.0018,0.0025,0.0020,0.0031,0.0016,0.0036,0.0026,N/A,N/A,N/A,0.0027,0.0000,0.0028,N/A
2026-08-24T10:43:43.336139,2026-08-24T10:43:44.899550,100,393.93,407.27,342.61,660.52,711.24,291.17,791.24,0.25,0.25,0.29,0.15,0.14,0.34,0.13,0.0024,0.0024,0.0029,0.0015,0.0013,0.0034,0.0013,N/A,N/A,N/A,0.0013,0.0000,0.0027,N/A
2026-08-24T10:43:44.899732,2026-08-24T10:43:46.110959,100,887.81,414.78,413.71,626.85,1261.11,421.69,762.98,0.11,0.24,0.24,0.16,0.08,0.24,0.13,0.0011,0.0024,0.0024,0.0016,0.0008,0.0024,0.0013,N/A,N/A,N/A,0.0014,0.0000,0.0019,N/A
2026-08-24T10:43:46.111137,2026-08-24T10:43:47.473197,100,618.52,389.49,574.89,645.90,693.13,374.54,534.34,0.16,0.26,0.17,0.15,0.14,0.27,0.19,0.0015,0.0025,0.0017,0.0015,0.0014,0.0027,0.0019,N/A,N/A,N/A,0.0013,0.0000,0.0021,N/A
2026-08-24T10:43:47.473597,2026-08-24T10:43:49.108434,100,552.16,361.33,363.94,384.93,1075.00,267.01,629.93,0.18,0.28,0.27,0.26,0.09,0.37,0.16,0.0017,0.0027,0.0027,0.0026,0.0009,0.0037,0.0016,N/A,N/A,N/A,0.0023,0.0000,0.0029,N/A
2026-08-24T10:43:49.108603,2026-08-24T10:43:51.011730,100,385.08,368.68,473.46,319.89,789.36,227.44,369.42,0.26,0.27,0.21,0.31,0.13,0.44,0.27,0.0024,0.0027,0.0021,0.0031,0.0012,0.0044,0.0027,N/A,N/A,N/A,0.0027,0.0000,0.0034,N/A
2026-08-24T10:43:51.011992,2026-08-24T10:43:52.385827,100,921.35,328.34,520.09,669.26,1355.00,248.70,749.52,0.11,0.30,0.19,0.15,0.07,0.40,0.13,0.0010,0.0030,0.0019,0.0015,0.0007,0.0040,0.0013,N/A,N/A,N/A,0.0013,0.0000,0.0031,N/A
2026-08-24T10:43:52.386011,2026-08-24T10:43:53.754183,100,433.98,363.19,412.21,698.36,775.24,476.78,778.19,0.23,0.28,0.24,0.14,0.13,0.21,0.13,0.0022,0.0026,0.0024,0.0014,0.0012,0.0021,0.0013,N/A,N/A,N/A,0.0012,0.0000,0.0016,N/A
